1,\N,не указан,<p>Базовый производитель</p>,<p>Базовый производитель</p>,Базовый производитель,2015-01-11 20:39:23,basevendor,f,http://www.web-you.ru
5,1,Sabotage,"<p>Одежда Sabotage: мода, понятная подросткам<br />&nbsp;<br />Одежда <strong>Sabotage</strong>, произведенная одноименным брендом из России, воплотила стремление подростков выделяться неповторимым стилем. Для подростков компания выпускает разнообразные коллекции, включающие сотни незаменимых наименований. Детский гардероб пополнится удобными решениями, подходящими к разнообразным ситуациям. Школа, дискотека, дружеская прогулка, романтическое свидание &ndash; бренд предлагает исчерпывающие элементы запоминающихся образов.<br /><br />Особенности продукции марки<br />Марка выбрала популярный формат производства total look. Ассортимент изделий включает <strong>модную одежду</strong>, стильные аксессуары, дополняющие образ. Ребенок легко научится создавать уникальный лук, выделяться среди сверстников.<br /><br />Продукция адресована <strong>мальчикам и девочкам</strong> 8-16 лет. Одежда четко делится по возрастным группам, создаваясь с учетом конкретных требований детей. <strong>Молодежная мода</strong> от российского производителя делится по сезонным показателям (лето, весна, зима, осень охватываются маркой). Школьная форма в модном формате является особой гордостью компании.<br />Ассортимент<br /><br />&bull; Мальчики, юноши. <strong>Мужская коллекция</strong> пополняется стильными рубашками, брюками, джинсами, ветровками, элементами спортивного стиля.<br />&bull; Девочки, девушки. Женская линейка детской одежды предусматривает платья, юбки, блузки, кардиганы, жакеты, болеро, туники.<br /><br />Дизайн<br /><strong>Одежда Sabotage</strong> обладает уникальным дизайном, разрабатываемым внутри марки собственным штатом дизайнеров. Центром оформления всегда оказывается интересная деталь, придающая вещи оригинальное своеобразие. Дизайнерские принты, привлекающие внимание надписи, веселые рисунки, особый подбор цветовых сочетаний характеризует коллекции.<br /><br />Качество<br />Продукция отличается великолепным качеством материалов. Специалисты используют хлопок, современные ткани синтетического типа, делающие вещи прочными и максимально комфортными.</p>","<p>Одежда Sabotage обладает уникальным дизайном, разрабатываемым внутри марки собственным штатом дизайнеров. Центром оформления всегда оказывается интересная деталь, придающая вещи оригинальное своеобразие. Дизайнерские принты, привлекающие внимание надписи, веселые рисунки, особый подбор цветовых сочетаний характеризует коллекции.</p>","Sabotage, одежда, детская одежда",2015-02-08 10:18:16,Sabotage,f,\N
12,1,ANGELO KIDS,<p>ANGELO KIDS</p>,<p>ANGELO KIDS</p>,ANGELO KIDS,2015-05-11 18:45:29,ANGELOKIDS,f,\N
4,1,BFG,"<p class=""alignjustify"">На протяжении многих лет BGF занимались продажей детской одежды известных европейских марок. Но вот уже два года они сами производят детскую одежду марки BGF, которая создаётся на основе многолетнего опыта российских и европейских производителей.</p><p class=""alignjustify"">У нас Вы сможете приобрести: куртки, комбинезоны, джинсы, брюки&hellip;</p><p>Компания BGF сотрудничает с ведущими производителями и поставщиками высококачественных материалов для производства детской одежды, что позволяет ее продукции соответствовать мировым стандартам качества.</p><p class=""alignjustify"">Компания BGF производит высококачественную одежду для детей и подростков. У нас Вы сможете подобрать именно тот размер, который идеально подойдет, именно, Вашему ребенку.</p><p class=""alignjustify"">Для родителей и, конечно же, для детей самым важным критерием при покупке одежды является удобство и практичность. В одежде BGF, ребенок сможет быть активен целый день, не боясь испачкаться или испортить одежду. Кроме этого одежда должна хорошо сидеть на любом ребёнке, благодаря боковым эластичным вставкам, а также большому числу размеров не только по росту, но и по полноте, джинсы и брюки из наших коллекций подойдут каждому ребёнку с любой комплекцией.</p><h1>Размеры</h1><h2>Полноты. Как ориентироваться в этикетках</h2><table class=""tables-professional"" summary=""""><tbody><tr class=""firstrow""><td class=""firstcol"">Полнота</td><td class=""evencol"">Super SLIM</td><td class=""oddcol"">SLIM</td><td class=""evencol"">MID</td><td class=""oddcol"">BIG</td><td class=""evencol"">Super BIG</td><td class=""oddcol"">Super BIG +</td></tr><tr class=""evenrow""><td class=""firstcol"">&nbsp;</td><td class=""evencol""><img src=""http://bgf-fashion.ru/files/images/1.png"" alt=""1.png"" width=""48"" height=""196"" /></td><td class=""oddcol""><img src=""http://bgf-fashion.ru/files/images/2.png"" alt=""2.png"" width=""46"" height=""196"" /></td><td class=""evencol""><img src=""http://bgf-fashion.ru/files/images/3.png"" alt=""3.png"" width=""51"" height=""196"" /></td><td class=""oddcol""><img src=""http://bgf-fashion.ru/files/images/4.png"" alt=""4.png"" width=""55"" height=""196"" /></td><td class=""evencol""><img src=""http://bgf-fashion.ru/files/images/5.png"" alt=""5.png"" width=""68"" height=""196"" /></td><td class=""oddcol""><img src=""http://bgf-fashion.ru/files/images/6.png"" alt=""6.png"" width=""80"" height=""196"" /></td></tr><tr class=""oddrow""><td class=""firstcol"">Цвет этикетки</td><td class=""evencol""><strong class=""superslim"">желтый</strong></td><td class=""oddcol""><strong class=""slim"">красный</strong></td><td class=""evencol""><strong class=""mid"">зеленый</strong></td><td class=""oddcol""><strong class=""big"">синий</strong></td><td class=""evencol""><strong class=""superbig"">черный</strong></td><td class=""oddcol""><strong class=""superbigplus"">серый</strong></td></tr><tr class=""evenrow""><td class=""firstcol"">&nbsp;</td><td class=""evencol"">очень стройный ребенок</td><td class=""oddcol"">стройный ребенок</td><td class=""evencol"">стандартный ребенок</td><td class=""oddcol"">плотный ребенок</td><td class=""evencol"">полный ребенок</td><td class=""oddcol"">очень полный ребенок</td></tr><tr class=""oddrow""><td class=""firstcol"">№ полноты</td><td class=""evencol"">8</td><td class=""oddcol"">9</td><td class=""evencol"">0</td><td class=""oddcol"">4</td><td class=""evencol"">6</td><td class=""oddcol"">3</td></tr></tbody></table><h2>Таблица размеров для девочек</h2><table class=""tables-professional"" summary=""""><tbody><tr class=""firstrow""><td class=""firstcol"">Возраст</td><td class=""evencol"">Рост, см.</td><td class=""oddcol"" colspan=""6"">Обхват бедер, см</td></tr><tr class=""evenrow""><td class=""firstcol"" colspan=""2"">&nbsp;</td><td class=""oddcol""><strong class=""superslim"">Super SLIM</strong></td><td class=""evencol""><strong class=""slim"">SLIM</strong></td><td class=""oddcol""><strong class=""mid"">MID</strong></td><td class=""evencol""><strong class=""big"">BIG</strong></td><td class=""oddcol""><strong class=""superbig"">Super BIG</strong></td><td class=""evencol""><strong class=""superbigplus"">Super BIG+</strong></td></tr><tr class=""oddrow""><td class=""firstcol""><strong>8</strong></td><td class=""evencol""><strong>128</strong></td><td class=""oddcol"">59-60</td><td class=""evencol"">62-63</td><td class=""oddcol"">66-68</td><td class=""evencol"">72-75</td><td class=""oddcol"">79-82</td><td class=""evencol"">&nbsp;</td></tr><tr class=""evenrow""><td class=""firstcol""><strong>9</strong></td><td class=""evencol""><strong>134</strong></td><td class=""oddcol"">61-62</td><td class=""evencol"">64-65</td><td class=""oddcol"">69-71</td><td class=""evencol"">76-78</td><td class=""oddcol"">83-85</td><td class=""evencol"">&nbsp;</td></tr><tr class=""oddrow""><td class=""firstcol""><strong>10</strong></td><td class=""evencol""><strong>140</strong></td><td class=""oddcol"">63-64</td><td class=""evencol"">66-68</td><td class=""oddcol"">72-75</td><td class=""evencol"">79-82</td><td class=""oddcol"">86-89</td><td class=""evencol"">93-96</td></tr><tr class=""evenrow""><td class=""firstcol""><strong>11</strong></td><td class=""evencol""><strong>146</strong></td><td class=""oddcol"">65-66</td><td class=""evencol"">69-70</td><td class=""oddcol"">76-78</td><td class=""evencol"">83-85</td><td class=""oddcol"">90-92</td><td class=""evencol"">97-99</td></tr><tr class=""oddrow""><td class=""firstcol""><strong>12</strong></td><td class=""evencol""><strong>152</strong></td><td class=""oddcol"">67-69</td><td class=""evencol"">72-75</td><td class=""oddcol"">79-82</td><td class=""evencol"">86-89</td><td class=""oddcol"">93-96</td><td class=""evencol"">100-103</td></tr><tr class=""evenrow""><td class=""firstcol""><strong>13</strong></td><td class=""evencol""><strong>158</strong></td><td class=""oddcol"">70-72</td><td class=""evencol"">76-78</td><td class=""oddcol"">83-85</td><td class=""evencol"">90-92</td><td class=""oddcol"">97-99</td><td class=""evencol"">104-106</td></tr><tr class=""oddrow""><td class=""firstcol""><strong>14</strong></td><td class=""evencol""><strong>164</strong></td><td class=""oddcol"">73-76</td><td class=""evencol"">79-82</td><td class=""oddcol"">86-89</td><td class=""evencol"">93-96</td><td class=""oddcol"">100-103</td><td class=""evencol"">107-110</td></tr><tr class=""evenrow""><td class=""firstcol""><strong>15</strong></td><td class=""evencol""><strong>170</strong></td><td class=""oddcol"">77-79</td><td class=""evencol"">83-85</td><td class=""oddcol"">90-92</td><td class=""evencol"">97-99</td><td class=""oddcol"">104-106</td><td class=""evencol"">111-113</td></tr><tr class=""oddrow""><td class=""firstcol""><strong>16</strong></td><td class=""evencol""><strong>176</strong></td><td class=""oddcol"">80-83</td><td class=""evencol"">86-89</td><td class=""oddcol"">93-96</td><td class=""evencol"">100-103</td><td class=""oddcol"">107-110</td><td class=""evencol"">114-117</td></tr></tbody></table><h2>Таблица размеров для мальчиков</h2><table class=""tables-professional"" summary=""""><tbody><tr class=""firstrow""><td class=""firstcol"">Возраст</td><td class=""evencol"">Рост, см.</td><td class=""oddcol"" colspan=""6"">Обхват бедер, см</td></tr><tr class=""evenrow""><td class=""firstcol"" colspan=""2"">&nbsp;</td><td class=""oddcol""><strong class=""superslim"">Super SLIM</strong></td><td class=""evencol""><strong class=""slim"">SLIM</strong></td><td class=""oddcol""><strong class=""mid"">MID</strong></td><td class=""evencol""><strong class=""big"">BIG</strong></td><td class=""oddcol""><strong class=""superbig"">Super BIG</strong></td><td class=""evencol""><strong class=""superbigplus"">Super BIG+</strong></td></tr><tr class=""oddrow""><td class=""firstcol""><strong>8</strong></td><td class=""evencol""><strong>128</strong></td><td class=""oddcol"">61-62</td><td class=""evencol"">64-65</td><td class=""oddcol"">69-71</td><td class=""evencol"">75-77</td><td class=""oddcol"">81-83</td><td class=""evencol"">&nbsp;</td></tr><tr class=""evenrow""><td class=""firstcol""><strong>9</strong></td><td class=""evencol""><strong>134</strong></td><td class=""oddcol"">63-64</td><td class=""evencol"">66-68</td><td class=""oddcol"">72-74</td><td class=""evencol"">78-80</td><td class=""oddcol"">84-86</td><td class=""evencol"">&nbsp;</td></tr><tr class=""oddrow""><td class=""firstcol""><strong>10</strong></td><td class=""evencol""><strong>140</strong></td><td class=""oddcol"">65-66</td><td class=""evencol"">69-71</td><td class=""oddcol"">75-77</td><td class=""evencol"">81-83</td><td class=""oddcol"">87-89</td><td class=""evencol"">93-95</td></tr><tr class=""evenrow""><td class=""firstcol""><strong>11</strong></td><td class=""evencol""><strong>146</strong></td><td class=""oddcol"">67-69</td><td class=""evencol"">72-74</td><td class=""oddcol"">78-80</td><td class=""evencol"">84-86</td><td class=""oddcol"">90-92</td><td class=""evencol"">96-98</td></tr><tr class=""oddrow""><td class=""firstcol""><strong>12</strong></td><td class=""evencol""><strong>152</strong></td><td class=""oddcol"">70-72</td><td class=""evencol"">75-77</td><td class=""oddcol"">81-83</td><td class=""evencol"">87-89</td><td class=""oddcol"">93-95</td><td class=""evencol"">99-101</td></tr><tr class=""evenrow""><td class=""firstcol""><strong>13</strong></td><td class=""evencol""><strong>158</strong></td><td class=""oddcol"">73-75</td><td class=""evencol"">78-80</td><td class=""oddcol"">84-86</td><td class=""evencol"">90-92</td><td class=""oddcol"">96-98</td><td class=""evencol"">102-104</td></tr><tr class=""oddrow""><td class=""firstcol""><strong>14</strong></td><td class=""evencol""><strong>164</strong></td><td class=""oddcol"">76-78</td><td class=""evencol"">81-83</td><td class=""oddcol"">87-89</td><td class=""evencol"">93-95</td><td class=""oddcol"">99-101</td><td class=""evencol"">105-107</td></tr><tr class=""evenrow""><td class=""firstcol""><strong>15</strong></td><td class=""evencol""><strong>170</strong></td><td class=""oddcol"">79-81</td><td class=""evencol"">84-86</td><td class=""oddcol"">90-92</td><td class=""evencol"">96-98</td><td class=""oddcol"">102-104</td><td class=""evencol"">108-110</td></tr><tr class=""oddrow""><td class=""firstcol""><strong>16</strong></td><td class=""evencol""><strong>176</strong></td><td class=""oddcol"">82-84</td><td class=""evencol"">87-89</td><td class=""oddcol"">93-95</td><td class=""evencol"">99-101</td><td class=""oddcol"">105-107</td><td class=""evencol"">111-113</td></tr></tbody></table><h2>Силуэты брюк и джинс BGF</h2><h3>Мальчики</h3><table class=""tables-professional"" summary=""""><tbody><tr class=""firstrow""><td class=""firstcol"">Skinny Fit &mdash; 31</td><td class=""evencol"">Tapered Fit &mdash; 33</td><td class=""oddcol"">Straight Fit &mdash; 32</td><td class=""evencol"">Casual Fit &mdash; 35</td></tr><tr class=""evenrow""><td class=""firstcol"">плотно прилегающие</td><td class=""evencol"">зауженные, конусообразные</td><td class=""oddcol"">прямые</td><td class=""evencol"">свободные, (""трубы"")</td></tr><tr class=""oddrow""><td class=""firstcol""><img src=""http://bgf-fashion.ru/files/images/b1.png"" alt=""Skinny Fit &mdash; 31"" width=""116"" height=""387"" /></td><td class=""evencol""><img src=""http://bgf-fashion.ru/files/images/b2.png"" alt=""Tapered Fit &mdash; 33"" width=""116"" height=""387"" /></td><td class=""oddcol""><img src=""http://bgf-fashion.ru/files/images/b3.png"" alt=""Straight Fit &mdash; 32"" width=""116"" height=""387"" /></td><td class=""evencol""><img src=""http://bgf-fashion.ru/files/images/b4.png"" alt=""Casual Fit &mdash; 35"" width=""116"" height=""387"" /></td></tr></tbody></table><h3>Девочки</h3><table class=""tables-professional"" summary=""""><tbody><tr class=""firstrow""><td class=""firstcol"">Skinny Fit &mdash; 41</td><td class=""evencol"">Straight Fit &mdash; 42</td><td class=""oddcol"">Loose Fit &mdash; 43</td></tr><tr class=""evenrow""><td class=""firstcol"">плотно прилегающие</td><td class=""evencol"">прямые</td><td class=""oddcol"">свободные</td></tr><tr class=""oddrow""><td class=""firstcol""><img src=""http://bgf-fashion.ru/files/images/g3.png"" alt=""Skinny Fit &mdash; 41"" width=""116"" height=""387"" /></td><td class=""evencol""><img src=""http://bgf-fashion.ru/files/images/g2.png"" alt=""Straight Fit &mdash; 42"" width=""116"" height=""387"" /></td><td class=""oddcol""><img src=""http://bgf-fashion.ru/files/images/g1.png"" alt=""Loose Fit &mdash; 43"" width=""116"" height=""387"" /></td></tr></tbody></table>","<p class=""alignjustify"">На протяжении многих лет BGF занимались продажей детской одежды известных европейских марок. Но вот уже два года они сами производят детскую одежду марки BGF, которая создаётся на основе многолетнего опыта российских и европейских производителей.</p>\r\n<p class=""alignjustify"">У нас Вы сможете приобрести: куртки, комбинезоны, джинсы, брюки&hellip;</p>","bfg, одежда, детская одежда",2015-02-08 10:14:05,bfg,f,\N
8,1,Crockid,"<h1 id=""about"">О торговой марке</h1><h3>Crockid &ndash; один из ведущих брендов детской одежды в России и странах СНГ, специализирующийся на детской моде с 2000 года.</h3><div class=""imgbox""><img src=""http://www.crockid.ru/i/photo/img01.jpg"" alt="""" /></div><p>Crockid &ndash; это создание и производство модных коллекций для детей от 0 до 12 лет, с дистрибьюцией в России и странах Восточной Европы через 50 фирменных магазинов и свыше 2000 дилеров.</p><p><img src=""http://www.crockid.ru/public/i/about-decor-1.png"" alt="""" /></p><h2 id=""brand"">Концепция бренда:</h2><p>Концепция бренда Crockid &ndash; это создание стильной повседневной одежды для детей, в которой идеально сбалансированы модные тенденции, цена и высочайшее качество.</p><p>Соблюдение во всех коллекциях принципа total look позволяет покупателям Crockid без труда создавать стильный, а главное комфортный для ребенка, образ из идеально сочетающихся элементов.</p><p><img src=""http://www.crockid.ru/public/i/about-decor-2.png"" alt="""" /></p><h2 id=""collections"">Коллекции Crockid создаются для 3х возрастных групп:</h2><div class=""collectionsTabs contTab ui-tabs ui-widget ui-widget-content ui-corner-all""><ul class=""tabs ui-tabs-nav ui-helper-reset ui-helper-clearfix ui-widget-header ui-corner-all""><li class=""ui-tabs-active ui-state-default ui-corner-top ui-state-active"" tabindex=""0"">Одежда для новорожденных</li><li class=""ui-state-default ui-corner-top"" tabindex=""-1"">Одежда для детского сада</li><li class=""ui-state-default ui-corner-top"" tabindex=""-1"">Одежда для школьников</li></ul><div id=""tabs-1-15"" class=""tabContent ui-tabs-panel ui-widget-content ui-corner-bottom""><ul class=""photos""><li><img src=""http://www.crockid.ru/i/photo/gallery/338.jpg"" alt="""" /></li></ul><div class=""mask"">&nbsp;</div><div class=""description""><div class=""caption"">Одежда для новорожденных</div><p>Натуральные, экологичные материалы самого высокого качества, супер мягкие ткани и безопасная фурнитура для комфорта самых маленьких.</p></div><div class=""age"">0-2 года</div></div><div class=""arrow next nextTab"">&nbsp;</div></div><p><img src=""http://www.crockid.ru/public/i/about-decor-3.png"" alt="""" /></p><h2 id=""assortment"">Ассортимент Crockid имеет самое широкое наполнение:</h2><div class=""assortmentTabs contTab ui-tabs ui-widget ui-widget-content ui-corner-all""><ul class=""photos""><li class=""ui-tabs-active ui-state-default ui-corner-top ui-state-active"" tabindex=""0"">Модные коллекции</li><li class=""ui-state-default ui-corner-top"" tabindex=""-1"">Верхняя одежда</li><li class=""ui-state-default ui-corner-top"" tabindex=""-1"">Одежда для сна и отдыха</li><li class=""ui-state-default ui-corner-top"" tabindex=""-1"">Бесшовное белье</li><li class=""ui-state-default ui-corner-top"" tabindex=""-1"">Колготки, носки</li><li class=""ui-state-default ui-corner-top"" tabindex=""-1"">Купальники</li><li>Одежда для новорожденных</li><li><img src=""http://www.crockid.ru/i/photo/gallery/331.jpg"" alt="""" /></li></ul><div id=""tabs-2-18"" class=""tabContent ui-tabs-panel ui-widget-content ui-corner-bottom""><div class=""mask"">&nbsp;</div></div></div>","<p>Crockid &ndash; один из ведущих брендов детской одежды в России и странах СНГ, специализирующийся на детской моде с 2000 года.</p>","crockid, одежда, детская одежда",2015-02-08 10:35:08,crockid,f,\N
3,1,Lemmi,"<div class=""hey_guys"">В нашем магазине в широком ассортименте представлена одежда для детей и подростков <span class=""lemmi"">Lemmi</span>.
<p>С 1974 года <span class=""lemmi"">Lemmi</span> выходит в число мировых лидеров по производству модной детской одежды, что позволяет ей наладить контакты с ведущими поставщиками высококачественного сырья для производства детской одежды. Сотрудничество с ведущими производителями позволяет компании отвечать всем мировым стандартам, начиная с уровня качества, и заканчивая высокой степенью гибкости и способностью незамедлительно реагировать на быстро меняющиеся направления в моде и потребности рынка.</p>
Одежда <span class=""lemmi"">Lemmi</span> убеждает качеством дизайна, материала, обработки и производства. Отличительной чертой <span class=""lemmi"">Lemmi</span> является применение высокотехнологичных тканей и материалов, поставляемых ведущими, прошедшими специальный отбор компаниями. Именно это позволило <span class=""lemmi"">Lemmi</span> создать модели одежды из водонепроницаемых, непродуваемых, грязеотталкивающих и в то же время дышащих тканей. Каждая вещь проверяется с немецкой тщательностью на качество и отсылается клиентам в безупречном состоянии.
<p>Постоянно находясь на острие детской моды, модельеры и дизайнеры <span class=""lemmi"">Lemmi</span> ежегодно создают две новые коллекции для весенне-летнего и осеннее-зимнего сезона. Особенностью появления новых моделей является процесс их создания учитывая, что покупатели находятся во многих странах и соответственно в разных климатических поясах, дизайнерскому бюро удалось совместить последние тенденции европейской моды с истинно немецкой практичностью и обстоятельностью.</p>
</div>","<p>С 1974 года <span class=""lemmi"">Lemmi</span> выходит в число мировых лидеров по производству модной детской одежды, что позволяет ей наладить контакты с ведущими поставщиками высококачественного сырья для производства детской одежды. Сотрудничество с ведущими производителями позволяет компании отвечать всем мировым стандартам, начиная с уровня качества, и заканчивая высокой степенью гибкости и способностью незамедлительно реагировать на быстро меняющиеся направления в моде и потребности рынка.</p>","lemmi, одежда, детская одежда, немецкая одежда lemmi, немецкая детская одежда",2015-02-08 10:07:58,lemmi,f,\N
6,1,Oldos,"<h1>Широкий ассортимент модной детской одежды</h1>
<p>Корпорация OLDOS уже не первый год работает на отечественном рынке по производству детской одежды. И кому, как не ей, знать все модные тенденции, присущие данной сфере? Торговые марки OLDOS и OLDOS ACTIVE давно пользуются спросом во всех регионах Российской Федерации и в странах СНГ.</p>
<p>&nbsp;</p>
<h2>Компания OLDOS работает на рынке верхней детской одежды более 10 лет.</h2>
<p>&nbsp;</p>
<p>За это время мы зарекомендовали себя как ведущий производитель детской одежды.</p>
<p>&nbsp;</p>
<p>Основное направление деятельности компании &mdash; производство верхней детской одежды стилей casual и active. В нашей одежде детям тепло и уютно в любую погоду, а удобный, тщательно проработанный крой, не стесняет движений. Благодаря этому подвижные игры в холодное время года становятся для детей постоянными &laquo;спутниками&raquo;.</p>
<p>&nbsp;</p>
<div id=""detail"" style=""display: block;"">
<h2>Модная детская одежда: и тепло, и красиво!</h2>
<p>Детская одежда торговой марки OLDOS &mdash; это изделия, сочетающие в себе качества, отвечающие всем требованиям современного покупателя. Это и тепло, и удобство, и отличное качество пошива, и износостойкость, и красивый, современный дизайн.</p>
<br />
<p>Для производства детской одежды используются инновационные ткани:</p>
<br /><br />
<ul>
<ul>
<li>С водонепроницаемыми пропитками PU 1500</li>
</ul>
</ul>
<br />
<ul>
<ul>
<li>С водоотталкивающим покрытием WR</li>
</ul>
</ul>
<br />
<ul>
<ul>
<li>С водо- и грязеотталкивающим покрытием Teflon</li>
</ul>
</ul>
<br /><br />
<p>В качестве утеплителя используется инновационный материал Hollofan, который обеспечивает надежное сохранение тепла, выделяемого телом, не перегревая его при длительном использовании.</p>
<br />
<p>Удобство носки даже при очень активных играх на улице обеспечивает удобный покрой детской модной одежды и тщательно продуманные детали:</p>
<br /><br />
<ul>
<ul>
<li>Регулирующиеся манжеты на резинках</li>
</ul>
</ul>
<br />
<ul>
<ul>
<li>Карманы на молнии</li>
</ul>
</ul>
<br />
<ul>
<ul>
<li>Утяжка снизу у курток стиля active</li>
</ul>
</ul>
<br />
<ul>
<ul>
<li>Регулировка курток и брюк по росту</li>
</ul>
</ul>
<br />
<ul>
<ul>
<li>Ветрозащитные муфты</li>
</ul>
</ul>
<br />
<ul>
<ul>
<li>Регулируемые по объему капюшоны</li>
</ul>
</ul>
<br />
<ul>
<ul>
<li>Сверхпрочные молнии</li>
</ul>
</ul>
<br /><br />
<p>Эти и другие детали одежды делают ее удобной и функциональной. Именно благодаря этому детская одежда пользуется стабильной популярностью у покупателей всех регионов Российской Федерации и в странах СНГ.</p>
<br />
<h2>Преимущества приобретения модной детской одежды от компании OLDOS</h2>
<br />
<p>Детская одежда оптом от компании OLDOS &mdash; это:</p>
<br /><br />
<ul>
<ul>
<li>Удобство</li>
<li>Красота</li>
<li>Функциональность</li>
<li>Соответствие модным тенденциям</li>
<li>Высокое качество</li>
<li>Износоустойчивость</li>
</ul>
</ul>
<br />
<p>К этим качествам добавляется и демократичная цена: детская одежда поставляется оптом от производителя. Поэтому стоимость наших коллекций &mdash; самая доступная на рынке. Тем самым, приобретая у нас детскую одежду оптом, наши партнеры получают возможность предлагать своим покупателям качественные изделия по доступным ценам.</p>
<p>Одеваться модно, комфортно и недорого &mdash; возможно с продукцией компании OLDOS. Детская одежда оптом от производителя под нашей маркой поставляется в любых объемах и на обоюдовыгодных условиях.</p>
</div>","<p>Основное направление деятельности компании &mdash; производство верхней детской одежды стилей casual и active. В нашей одежде детям тепло и уютно в любую погоду, а удобный, тщательно проработанный крой, не стесняет движений. Благодаря этому подвижные игры в холодное время года становятся для детей постоянными &laquo;спутниками&raquo;.</p>","oldos, одежда, детская одежда",2015-02-08 10:25:27,oldos,f,\N
15,1,Смена,"<p>""МПШО Смена"" - ведущий российский производитель школьной формы и детской нарядной одежды. Компания образована в 1939 г. Производит одежду из современных, экологических, высококачественных тканей эксклюзивных эргономичных конструкций. Ежегодно представляет до 100 новых стильных моделей для школьников с 1го по 11 классы. Одежда разработана дизайнерами с учетом физиологических и психологических особенностей для разного возраста. Коллекция школьной формы 2014 получила первые премии в Национальном конкурсе индустрии моды""Золотое веретено"" и Национальной премии индустрии детских товаров ""Золотое веретено"".</p>","<p>""МПШО Смена"" - ведущий российский производитель школьной формы и детской нарядной одежды.</p>","смена, школьная форма, сарафан",2015-07-11 17:28:43,smena,f,\N
18,1,Reike,"<p>TM &laquo;REIKE&raquo; - это современный и яркий бренд верхней детской одежды от 0 до 14 лет, который разрабатывается компанией L-Fashion Group OY (Финляндия)<sup>1</sup>.</p>
<p>Для работы над коллекциями в 2010 году &nbsp;была создана команда молодых дизайнеров и технологов, перед которыми стояли следующие задачи:</p>
<p>-&nbsp;&nbsp;&nbsp;&nbsp;&nbsp;&nbsp;&nbsp;&nbsp;&nbsp; одежда должна быть изготовлена из самых современных материалов, которые только существуют</p>
<p>-&nbsp;&nbsp;&nbsp;&nbsp;&nbsp;&nbsp;&nbsp;&nbsp;&nbsp; одежда должна защищать от неблагоприятного воздействия любых погодных условий</p>
<p>-&nbsp;&nbsp;&nbsp;&nbsp;&nbsp;&nbsp;&nbsp;&nbsp;&nbsp; модели должны давать возможность свободного активного движения,</p>
<p>-&nbsp;&nbsp;&nbsp;&nbsp;&nbsp;&nbsp;&nbsp;&nbsp;&nbsp; И, конечно, они должны быть очень яркими и красивыми</p>
<p>Задачи с успехом были выполнены,&nbsp; и уже третий сезон REIKE заботится о детях и о спокойствие родителей.</p>
<p>REIKE позволяет полностью защитить ребенка от погодных условий перед выходом на улицу:</p>
<p>-&nbsp;подобрать подходящие по сезону куртку, брюки, полукомбинезон или комбинезон;</p>
<p>-&nbsp; в случае сильного мороза, дополнительно утеплиться одеждой из флиса;</p>
<p>-&nbsp; надеть удобную, теплую, непромокаемую обувь;</p>
<p>-&nbsp; выбрать подходящие перчатки и шапку.&nbsp;</p>
<p>&nbsp;</p>
<p>Коллекция одежды&nbsp; состоит из двух линий:</p>
<p>Technical level (технологичный уровень) &ndash; функциональная одежда, дополненная специальными деталями для того, чтобы обеспечить комфорт в любых погодных условиях. Обладает удобным анатомическим кроем.</p>
<p>Basic Level (базовый уровень) &ndash; одежда стильного дизайна, обладающая функциональными свойствами, с принтами и аксессуарами по последним тенденциям детской моды.</p>
<p>Каждая линия делится на капсулы, модели которой объединены единым стилистическим и графическим решением. В свою очередь каждая капсула дополняется необходимыми аксессуарами: шапки и шлемы, шарфы, перчатки и рукавички.</p>
<p>Для дополнительного утепления были разработаны модели из флиса REIKE Warm line.</p>
<p>&nbsp;Параллельно с запуском одежды, в конце 2010 года создается первая коллекция обуви,&nbsp; отвечающая высоким стандартам качества и удобства, характерным для бренда REIKE. Модели&nbsp; обуви стилистически сочетаются с одеждой.</p>
<p>Основная идея торговой марки REIKE&nbsp; - забота. Поэтому когда ребенок в одежде REIKE, родителям не приходится волноваться .</p>
<p>TM Reike понимает, что нужно ребенку.</p>
<p>&nbsp;</p>
<p>&nbsp;</p>
<p>&nbsp;</p>
<p>&nbsp;</p>
<hr />
<p>&nbsp;<sup>1&nbsp;</sup>Luhta является знаменитым и популярным финским брендом. &nbsp;Основанной в 1907 году Вихтори Лухтаненом компанией сегодня управляют его внуки и правнуки. &nbsp;В девяностые годы ХХ века на базе торговой марки Luhta,&nbsp; была создана группа компаний с новым названием &ndash; &ldquo;L-Fashion Group&rdquo;, который производит и продает одежду скандинавского дизайна. &nbsp;В первую очередь это одежда спортивного стиля и стиля casual. В состав холдинга входят такие известные финские марки как Luhta, IcePeak, Rukka, Skila &nbsp;и другие. Продукция компании &nbsp;L-Fashion Group популярна среди людей, которые ценят удобную одежду по доступным ценам.&nbsp;</p>","<p>TM &laquo;REIKE&raquo; - это современный и яркий бренд верхней детской одежды от 0 до 14 лет, который разрабатывается компанией L-Fashion Group OY (Финляндия)<sup>1</sup>.</p>
<p>Для работы над коллекциями в 2010 году &nbsp;была создана команда молодых дизайнеров и технологов, перед которыми стояли следующие задачи:</p>
<p>-&nbsp;&nbsp;&nbsp;&nbsp;&nbsp;&nbsp;&nbsp;&nbsp;&nbsp; одежда должна быть изготовлена из самых современных материалов, которые только существуют</p>
<p>-&nbsp;&nbsp;&nbsp;&nbsp;&nbsp;&nbsp;&nbsp;&nbsp;&nbsp; одежда должна защищать от неблагоприятного воздействия любых погодных условий</p>
<p>-&nbsp;&nbsp;&nbsp;&nbsp;&nbsp;&nbsp;&nbsp;&nbsp;&nbsp; модели должны давать возможность свободного активного движения,</p>
<p>-&nbsp;&nbsp;&nbsp;&nbsp;&nbsp;&nbsp;&nbsp;&nbsp;&nbsp; И, конечно, они должны быть очень яркими и красивыми</p>
<p>Задачи с успехом были выполнены,&nbsp; и уже третий сезон REIKE заботится о детях и о спокойствие родителей.</p>
<p>REIKE позволяет полностью защитить ребенка от погодных условий перед выходом на улицу:</p>
<p>-&nbsp;подобрать подходящие по сезону куртку, брюки, полукомбинезон или комбинезон;</p>
<p>-&nbsp; в случае сильного мороза, дополнительно утеплиться одеждой из флиса;</p>
<p>-&nbsp; надеть удобную, теплую, непромокаемую обувь;</p>
<p>-&nbsp; выбрать подходящие перчатки и шапку.&nbsp;</p>
<p>&nbsp;</p>",Reike,2015-10-25 20:17:45,Reike,f,\N
11,1,KATASONOV,"<p style=""text-align: justify;""><span style=""color: #000000;"">Компания &ldquo;KATASONOV&rdquo; является эксклюзивным представителем модного мужского бренда &laquo;ALEX KATASONOV&raquo;. Коллекция весна-лето бренда &laquo;ALEX KATASONOV&raquo; была предcтавлена в рамках Mercedes-BenzFashionWeekRussia в 2011 году. </span></p>
<p style=""text-align: justify;""><span style=""color: #000000;"">Также наша компания предлагает клиентам школьную форму ""KATASONOV <em>School Collection"".</em></span></p>
<p style=""text-align: justify;""><span style=""color: #000000;"">В школьную коллекцию входят: костюмы, брюки, жилеты, сорочки и галстуки/бабочки для мальчиков от 6 до 18 лет.</span></p>
<p style=""text-align: justify;""><span style=""color: #000000;"">&nbsp;</span></p>","<p style=""text-align: justify;""><span style=""color: #000000;"">Компания &ldquo;KATASONOV&rdquo; является эксклюзивным представителем модного мужского бренда &laquo;ALEX KATASONOV&raquo;. Коллекция весна-лето бренда &laquo;ALEX KATASONOV&raquo; была предcтавлена в рамках Mercedes-BenzFashionWeekRussia в 2011 году. </span></p>
<p style=""text-align: justify;""><span style=""color: #000000;"">Также наша компания предлагает клиентам школьную форму ""KATASONOV <em>School Collection"".</em></span></p>","KATASONOV, ALEX KATASONOV",2015-04-26 21:37:44,KATASONOV,f,\N
2,1,Карамелли,"<p style=""text-align: justify;"">Компания ""Карамелли"" уже более 20 лет производит и продает детскую одежду. Собственное производство, оснащенное новейшим оборудованием позволяют создавать одежду сочетающую лучшие ткани и фурнитуру. На предприятии действуют самые строгие требования к безопасности и качеству всех используемых при пошиве материалов.</p>
<p>В ассортименте ""Карамелли""&nbsp; Вы найдете большой выбор верхней детской одежды для дома и улицы, а также нижнего белья для детей. Предлагаем вашему вниманию зимние, летние и другие коллекции, созданные дизайнерами&nbsp;""Карамелли"" для всех сезонов и погодных условий.</p>
<p style=""text-align: justify;"">""Карамелли""&nbsp;обошли вниманием и школьников младших и средних классов. Для них разработаны самые разные модели жакетов, жилетов, юбок, брюк и других видов одежды, отвечающей требованиям большинства учебных заведений. Это значит, что все они могут использоваться в качестве школьной формы.</p>","<p>Компания ""Карамелли"" уже более 20 лет производит и продает детскую одежду. Собственное производство, оснащенное новейшим оборудованием позволяют создавать одежду сочетающую лучшие ткани и фурнитуру. На предприятии действуют самые строгие требования к безопасности и качеству всех используемых при пошиве материалов.</p>","Карамелли, фабрика, производитель одежды, детская одежда, школьная форма",2015-01-28 11:21:59,karamelli,f,\N
13,1,Lonex,"<p><span style=""font-family: verdana,geneva,sans-serif;""><strong>Купить детскую коляску</strong> сегодня легко, достаточно обратиться в наш интернет <strong>магазин детских колясок</strong>. В продаже на этом сайте коляски марки <strong>Lonex</strong> (<strong>Лонекс</strong>) производства одноименной компании, которая более 25 лет известна в мире и, особенно, в Европе и Польше.</span></p>
<h2><span style=""font-family: verdana,geneva,sans-serif;"">Lonex &ndash; детские коляски №1 в Москве</span></h2>
<p><span style=""font-family: verdana,geneva,sans-serif;"">&laquo;Что же такого особенного в этом поставщике колясок?&raquo; - спросите вы. Мы назовем всего ряд причин, из-за которых европейцы и жители Москвы полюбили эти недорогие коляски:</span></p>
<ul>
<li><span style=""font-family: verdana,geneva,sans-serif;"">Производство регламентируется международными и, более жесткими, ЕС стандартами.</span></li>
<li><span style=""font-family: verdana,geneva,sans-serif;"">Используются только нетоксичные и натуральные материалы при изготовлении.</span></li>
<li><span style=""font-family: verdana,geneva,sans-serif;"">Современный стиль и неповторимый дизайн всей коляски, и новые коллекции каждый сезон.</span></li>
<li><span style=""font-family: verdana,geneva,sans-serif;"">Недорогая цена при высоком качестве.</span></li>
<li><span style=""font-family: verdana,geneva,sans-serif;"">Даже самый взыскательный и требовательный родитель найдет детскую коляску для себя.</span></li>
</ul>
<h2><span style=""font-family: verdana,geneva,sans-serif;"">100% настоящие коляски Lonex</span></h2>
<p><span style=""font-family: verdana,geneva,sans-serif;"">Наш интернет магазин колясок в Москве строго следит за подлинностью изделий, поэтому все, что на этом сайте, имеет подтверждающие разрешения и сертификаты со знаком безопасности &laquo;В&raquo;, получило одобрение от института &laquo;Матери и ребенка&raquo;.</span></p>
<p><span style=""font-family: verdana,geneva,sans-serif;"">Наше кредо &ndash; &laquo;Детская безопасность, здоровье и комфорт&raquo;.&nbsp; Выбрав <strong>коляску детскую</strong> в нашем интернет магазине, вы не только купите ее недорого, но и будете эксплуатировать так долго, пока малыш не вырастет из нее. Специальная технология производства обеспечивает эксплуатацию даже в самых суровых условиях. Все механизмы на 100% выполнены из металла. Покупайте своим детям лучшее и проверенное временем &ndash; выбирайте европейское качество под брендом &laquo;<strong>Lonex</strong>&raquo;.</span></p>","<p><span style=""font-family: verdana,geneva,sans-serif;"">Купить детскую коляску сегодня легко, достаточно обратиться в наш интернет магазин детских колясок. В продаже на этом сайте коляски только марки Lonex (Лонекс) производства одноименной компании, которая более 25 лет известна в мире и, особенно, в Европе и Польше.</span></p>","Купить детскую коляску, Lonex, Лонекс, коляску детскую",2015-05-22 12:38:32,lonex,f,\N
14,1,Трувор,"<p>В 2015 году ЗАО &laquo;Псковская швейная фабрика &laquo;Славянка&raquo; отметит свой очередной юбилей. Созданная в победоносном для России 1945 году она и по сей день не сдается никаким экономическим кризисам и гордо несет свой флаг отечественного производителя.</p>
<p><br />В настоящее время &laquo;Славянка&raquo; является крупнейшим предприятием швейной промышленности России по производству мужских и детских костюмов. Мощность объемов и качество продукции обеспечивают 1 100 человек, задействованных в производственном процессе. С 1983 года руководит коллективом фабрики заслуженный и почетный работник текстильной и легкой промышленности Елена Александровна Косенкова &mdash; &laquo;Лучший менеджер России&raquo;, дважды победитель конкурса &laquo;Деловой человек года&raquo;, в 2002 году награждена Орденом почета по указу президента России В.В Путина.</p>
<p><br />Созданная на фабрике <strong><span style=""color: #3d3078;"">торговая марка &laquo;TRUVOR&raquo;</span> </strong>известна не только в своем городе. Она давно уже перешагнула эти границы. Представительства в различных городах России, дилерство по всей стране, собственные магазины&hellip; Трудности и их преодоление. Новые технологии и их освоение. Ежедневная кропотливая работа . Все, как у других отечественных производителей, выпускающих аналогичную продукцию&hellip; С той лишь разницей, что у каждой торговой марки свое признание и успех.</p>
<p><br />С 2002 года фабрика имеет международный сертификат TUV CERT на систему ISO 9001-2000 года. Продукция ЗАО &laquo;Славянка&raquo; отмечена многочисленными дипломами и призами международных российских и региональных выставок легкой промышленности.</p>
<p><br />В прошлом году получено &laquo;Свидетельство, удостоверяющее что коллекции верхней одежды костюмной группы мужской и для мальчика торговой марки &laquo;ТRUVOR&raquo; соответствуют высшему уровню качества, установленному программой &laquo;Российское качество&raquo;.</p>
<p><br />В октябре 2010 года на XIII Международном Фестивале Моды &laquo;Бархатные сезоны в г.Сочи&raquo; генеральному директору ЗАО &laquo;Славянка&raquo; Косенковой Елене Александровне на сцене &laquo;Зимнего театра&raquo; г.Сочи, торжественно вручена награда &laquo;Золотое веретено&raquo; и Диплом лауреата Национальной премии в области Индустрии моды в номинации &laquo;Промышленная коллекция&raquo;.</p>
<p><br />Руководство предприятия постоянно стремится улучшить методы и формы организации производственного процесса, ищет пути прогресса в области повышения производительности, гибкости и оперативности производства, качества выпускаемой продукции.</p>
<p><br />Большая роль в повышении эффективности работы принадлежит информационным технологиям, которые всё интенсивнее проникают в сферу производства одежды и помогают создавать условия для выпуска стабильно качественной продукции, от подготовки до окончательной обработки изделий. Специализированные процессы систематически оснащаются современным высокопроизводительным полуавтоматическим оборудованием.</p>
<p><br />TRUVOR &mdash; имя легендарного варяжского князя, правителя земли Псковской. Образ Трувора является символом силы, мужества и мудрого правления.</p>
<p><br />&laquo;Славянка&raquo; создает образ успешного мужчины, знающего себе цену и стремящегося обладать всем самым лучшим, в том числе, быть безупречно одетым. Идти в ногу со временем не так-то просто, особенно, если это касается стиля в одежде. Костюмы марки &laquo;TRUVOR&raquo; имеют отличную репутацию у клиентов и потребителей благодаря высокому качеству и идеальной посадке по фигуре и выгодно подчеркивают индивидуальность каждого мужчины.</p>
<p><br />Какой бы капризной и &laquo;взбаламошной&raquo; не была мода, но с классикой ей не удается справиться никак. Наверно, потому что это стиль респектабельности и успешности, уверенности и грациозности. Можно долго и много петь гимны классике, но лучше все-таки отдать должное тем, кто ее создает, стилизует под современность и удерживает на &laquo;плаву&raquo; уже на протяжении 70 лет!</p>","<h2>""Псковская швейная фабрика ""Славянка""</h2>
<p>70 лет &ndash; возраст надежности и перспективности</p>
<p>В 2015 году ЗАО &laquo;Псковская швейная фабрика &laquo;Славянка&raquo; отметит свой очередной юбилей. Созданная в победоносном для России 1945 году она и по сей день не сдается никаким экономическим кризисам и гордо несет свой флаг отечественного производителя.</p>
<p><br />В настоящее время &laquo;Славянка&raquo; является крупнейшим предприятием швейной промышленности России по производству мужских и детских костюмов. Мощность объемов и качество продукции обеспечивают 1 100 человек, задействованных в производственном процессе. С 1983 года руководит коллективом фабрики заслуженный и почетный работник текстильной и легкой промышленности Елена Александровна Косенкова &mdash; &laquo;Лучший менеджер России&raquo;, дважды победитель конкурса &laquo;Деловой человек года&raquo;, в 2002 году награждена Орденом почета по указу президента России В.В Путина.</p>
<p>&nbsp;</p>","Трувор, Славянка, Псковская швейная фабрика ""Славянка"", школьная форма, российсася школьная форма, российская швейная фабрика",2015-07-04 17:43:44,truvor,f,\N
16,1,Van Cliff,"<p>История развития марки VAN CLIFF началась в небольшом голландском городке Amstelveen, недалеко от Амстердама в 1921 году, когда еще неизвестный молодой портной Alfred Van Cliff открыл свою первую мастерскую по пошиву мужского костюма.</p>
<p>Надо сказать, что Альфред был не только продолжателем традиций своей семьи, где и его отец, и дед были портными, но и прекрасным художником, выставлявшим свои работы и обладавшим безупречным чувством стиля. Поэтому вещи, созданные Альфредом, всегда отличались уникальным дизайном и безупречным вкусом, вследствие чего пользовались широкой популярностью у местной элиты.</p>
<p>Секреты мастерства, передаваемые из поколения в поколение, труд молодого портного и дизайнера, использование высококачественных эксклюзивных тканей &mdash; все это стало основой успеха Van Cliff, и уже через несколько лет молодой человек стал знаменитым не только у себя в стране, но и во всей Европе.</p>
<p>Альфред, как творческий человек, не остановился на достигнутом. Его мечтой было сделать красоту и качество доступным более широкому кругу общества и выйти за рамки Pr&ecirc;t-&agrave;-Porter. Он много путешествовал по Европе и исследовал антропологические данные населения, с целью создания универсальных конструкций для массового производства мужских костюмов. Ведь известно, что именно при использовании специального оборудования и прессов достигаются наивысшее качество. Но на тот момент в массовом производстве одежды не было таких технологий конструирования лекал, при которых готовые изделия были бы универсальны, т.е. безупречно &laquo;садолось&raquo; на любую фигуру.</p>
<p>В результате кропотливой работы Альфредом были созданы новые методы в конструировании мужского костюма и первая коллекция &laquo;VAN CLIFF&raquo;, запущенная им в 1931 году на маленькой фабрике была продана с большим успехом, а об Альфреде заговорили уже как о новаторе в области создания мужской одежды.</p>
<p>К 1937 году объемы производства увеличились в несколько раз, и во всех европейских столицах были открыты фирменные магазины VAN CLIFF, и классический костюм от Альфреда стал по-настоящему популярным, как &laquo;Фольксваген&raquo; в Германии. Именно в этих костюмах присутствовало необходимое сочетание индивидуального стиля, новомодных тенденций &laquo;без перегибов&raquo; и классических традиций.</p>
<p>2-ая Мировая Война, к сожалению, негативно сказалась на развитии бренда. В эти тяжелые годы Альфред ушел из жизни, но после войны его дело продолжил его сын, а, в последствии, его внук, открывший школу дизайнеров и создавший специальную лабораторию по исследованию материалов.</p>
<p>Впервые продукция под торговой маркой VAN CLIFF появилась в России в 1992 году. В ее основе &mdash; безупречные лекала от VAN CLIFF, созданные на основе уже современных исследований и базирующиеся на мастерстве целых поколений портных. В настоящее время костюмы VAN CLIFF производятся не только за рубежом, но и в России.</p>
<p>Право на производство мужских костюмов VAN CLIFF предоставляется только таким производителям, которые обеспечивают безупречное качество, т.е. обладают серьезными техническими и технологическими возможностями, высоким профессиональным потенциалом и опытом работы на экспорт. Индивидуальный подход при массовом производстве - это тот базовый принцип, на котором строится коллекция VAN CLIFF.</p>
<p>Отличный крой и эксклюзивные ткани, используемые для этих коллекций подчеркнут Вашу индивидуальность, создадут неповторимый стиль, проверенный временем.</p>","<p>Любимый мамами и детьми, проверенный временем бренд&nbsp;взрослой и <strong>детской одежды&nbsp;Van Cliff</strong>. У&nbsp;нас Вы можете <strong>купить по доступной цене</strong>&nbsp;<strong>школьную форму Van Cliff</strong>&nbsp;для своего ребёнка. &nbsp;В продаже есть как <strong>школьные костюиы для мальчика</strong>, так и отдельно <strong>школьные брюки для мальчика</strong>.</p>",\N,2015-08-07 17:29:43,vancliff,f,\N
17,1,Taffalar,"<div class=""row"">
<div id=""t3-content"" class=""t3-content col-xs-12"">
<div id=""jbzoo"" class=""jbzoo jbzoo-view-item jbzoo-app-pages jbzoo-tmpl-catalog"">
<div class=""jbzoo-item jbzoo-item-page jbzoo-item-full jbzoo-item-127"">
<div class=""full_element"">
<h1 class=""title"">О бренде</h1>
<div class=""element element-textarea first last"">
<div class=""row"">
<div class=""col-md-12 text-center""><img class=""img-circle"" style=""margin-bottom: 40px; width: 30%;"" src=""http://taffalar.com/images/pages/about-us/about.jpg"" alt="""" /></div>
</div>
<div class=""row"">
<h3 class=""text-center"">Только прикоснитесь к миру Taffalar и Вы уже не сможете отказаться от качества!</h3>
<br />
<div class=""col-md-6"">
<p class=""text-justify"">Красота северных ландшафтов, сотворенных самой природой с ее холодной, а порой даже суровой, погодой, стали для команды высококлассных дизайнеров и конструкторов из разных стран источником вдохновения при создании практичной и функциональной одежды Taffalar. Им удалось создать не просто удобную одежду для детей и подростков, но прежде всего одежду, которая подчеркивает индивидуальность и придает уверенность в каждом новом дне.</p>
</div>
<div class=""col-md-6"">
<p class=""text-justify"">Taffalar &mdash; это одежда для увлекающихся личностей. Она одновременно яркая и сдержанная, практичная и красивая, удобная и стильная. Легкие горнолыжные комбинезоны и комплекты для зимы замечательно сочетаются с невероятно теплыми и уютными пуховиками для городской жизни. А весенние ветровки в стиле SportGlam для девочек или принтованные куртки для мальчиков будут уместны в любой обстановке.</p>
</div>
</div>
<div class=""row"">
<div class=""col-md-12 text-center""><img class=""img-circle"" style=""margin-top: 40px; margin-bottom: 40px; width: 30%;"" src=""http://taffalar.com/images/pages/about-us/about-us.jpg"" alt="""" /></div>
</div>
<h3 class=""text-center""><span lang=""en-US"">Taffalar</span>&ndash; это не только верхняя одежда, но и средний слой, аксессуары и головные уборы. Все изделия создаются в общей концепции коллекции и позволяют легко и стильно дополнить любой верхний комплект.</h3>
<br />
<div class=""row"">
<div class=""col-md-6"">
<p class=""text-justify"">Одежда <span lang=""en-US"">Taffalar</span> создается специально для детей и подростков и, в первую очередь, отвечает потребностям своих будущих обладателей. Функциональность и прочность во всех моделях сочетаются с наивысшим комфортом и требованиями безопасности. В верхней одежде используются лучшие&nbsp;ткани, мембраны и пропитки. Утеплители для зимней коллекции подобраны для самых суровых погодных условий и прошли испытания в разных климатических зонах.</p>
<p class=""text-justify"">Каждое изделие продумано до мелочей, чтобы ребенок в любой ситуации чувствовал себя уверенно. Приятные к телу подклады, высокие мягкие воротники и манжеты - защищают от снега и ветра; теплые карманы и ветрозащитные планки не дадут замерзнуть даже при вьюге; проклеенные швы &ndash; не дадут промокнуть в самую сырую погоду; множество наружных и внутренних карманов на застежках &ndash; позволят надежно сохранить все ценности; светоотражающие элементы &ndash; уберегут в темное время. Яркие расцветки, вышивки или модные аксессуары просто не позволят остаться незамеченным.</p>
</div>
<div class=""col-md-6"">
<p class=""text-justify"">Taffalar входит в группу торговых марок международного холдинга SoleyGroup, одного из крупнейших производителей и дистрибьюторов детской и взрослой одежды на территории Восточной Европы.</p>
</div>
</div>
</div>
<div class=""clr"">&nbsp;</div>
</div>
</div>
<div class=""clear clr"">&nbsp;</div>
</div>
</div>
</div>","<p>Taffalar &mdash; это одежда для увлекающихся личностей. Она одновременно яркая и сдержанная, практичная и красивая, удобная и стильная. Легкие горнолыжные комбинезоны и комплекты для зимы замечательно сочетаются с невероятно теплыми и уютными пуховиками для городской жизни. А весенние ветровки в стиле SportGlam для девочек или принтованные куртки для мальчиков будут уместны в любой обстановке.</p>",taffalar,2015-10-24 17:56:14,taffalar,f,\N
19,1,Елена и Ко,<p>Российский производитель детской одежды.</p>,<p>Российский производитель детской одежды.</p>,Елена и Ко,2015-11-29 19:10:51,elenako,f,\N
