"1","\N","1","/uploads/products/54b2b5dbc2725.jpg","Джинсы Lemmi","0"
"2","\N","2","/uploads/products/54b2b5dc013bf.jpg","Softshell брюки утепленные для девочки","0"
"3","\N","3","/uploads/products/54b2b5dcdb23f.jpg","Футболка - Wojcik (Войчик)","0"
"4","\N","4","/uploads/products/54b2b5dd36a34.jpg","Платье новогоднее для девочки ","0"
"5","\N","5","/uploads/products/54b2b5de150ed.jpg","Вечернее платье для девочки","0"
"6","\N","6","/uploads/products/54b2b5de97755.jpg","Джинсы","0"
"7","\N","7","/uploads/products/54b2b5df8a2c1.jpg","Джинсы для девочки (арт 4101210)","0"
"8","\N","8","/uploads/products/54b2b5e02ab33.jpg","Джинсы для девочки (арт 4201590)","0"
"9","\N","9","/uploads/products/54b2b5e0c1821.jpg","Бриджи для мальчика (арт 3880240)","0"
"10","\N","10","/uploads/products/54b2b5e19ff60.jpg","Бриджи для мальчика (арт 3890310)","0"
"11","\N","11","/uploads/products/54b2b5e24893c.jpg","Летнии брюки для мальчика (арт 3201250)","0"
"12","\N","12","/uploads/products/54b2b5e2dd35a.jpg","Летнии брюки для мальчика (арт 3201250)","0"
"13","\N","13","/uploads/products/54b2b5e34ad33.png","Джинсы на мальчика (арт. 330044)","0"
"14","\N","13","/uploads/products/54b2b5e369d51.png","","0"
"15","\N","14","/uploads/products/54b2b5e40cc5b.jpg","Джинсы на мальчика (арт 3300250)","0"
"16","\N","15","/uploads/products/54b2b5e45a3d9.jpg","Джинсы на мальчика (арт 3500820)","0"
"17","\N","16","/uploads/products/54b2b5e4c66d6.jpg","Туника","0"
"18","\N","17","/uploads/products/54b2b5e4eff99.jpg","Топ Этти-Детти","0"
"19","\N","18","/uploads/products/54b2b5e55b00f.jpg","Блузка с коротким руковом Этти-Детти","0"
"20","\N","19","/uploads/products/54b2b5e5a51d1.jpg","Футболка Этти-Детти","0"
"21","\N","20","/uploads/products/54b2b5e5c9c88.jpg","Туника Этти-Детти","0"
"22","\N","21","/uploads/products/54b2b5e5f086e.jpg","Сарафан Этти-Детти","0"
"23","\N","22","/uploads/products/54b2b5e621126.jpg","Футболка Этти-Детти","0"
"24","\N","23","/uploads/products/54b2b5e641b36.jpg","Футболка Этти-Детти","0"
"25","\N","24","/uploads/products/54b2b5e660465.jpg","Топ Этти -Детти","0"
"26","\N","25","/uploads/products/54b2b5e6852fa.jpg","Топ Этти-Детти","0"
"27","\N","26","/uploads/products/54b2b5e6cac7a.jpg","Сарафан Этти-Детти","0"
"28","\N","27","/uploads/products/54b2b5e732b71.jpg","Брюки (артикул 1122040)","0"
"29","\N","28","/uploads/products/54b2b5e769ddd.jpg","Футболка (артикул 1122045)","0"
"30","\N","29","/uploads/products/54b2b5e7a35c4.jpg","Футболка (артикул 1122045)","0"
"31","\N","30","/uploads/products/54b2b5e7c803f.jpg","Футболка (артикул 1122007)","0"
"32","\N","31","/uploads/products/54b2b5e80ce18.jpg","Футболка (артикул 1122005)","0"
"33","\N","32","/uploads/products/54b2b5e8b445c.jpg","Футболка (артикул 1122008)","0"
"34","\N","33","/uploads/products/54b2b5e913f18.jpg","Футболка (артикул 1122113)","0"
"35","\N","34","/uploads/products/54b2b5e938ae3.jpg","Футболка (артикул 1122114)","0"
"36","\N","35","/uploads/products/54b2b5e957408.jpg","Футболка (артикул 1122114)","0"
"37","\N","36","/uploads/products/54b2b5e9800bb.jpg","Футболка (артикул 1122129)","0"
"38","\N","37","/uploads/products/54b2b5e9aad38.jpg","Футболка (артикул 1122130)","0"
"39","\N","38","/uploads/products/54b2b5ea064d1.jpg","Футболка (артикул 1122130)","0"
"40","\N","39","/uploads/products/54b2b5ea81144.jpg","Платье с коротким рукавом ""Розовый день""","0"
"41","\N","40","/uploads/products/54b2b5eae13ef.jpg","Платье в цветочек ""Розовый день""","0"
"42","\N","41","/uploads/products/54b2b5eb2c74d.jpg","Сарафан ""Очаровательные друзья"" Wojcik","0"
"43","\N","42","/uploads/products/54b2b5ebbd880.jpg","Футболка ""Розовый день"" Wojcik","0"
"44","\N","43","/uploads/products/54b2b5ec1f520.jpg","Футболка ""Розовый день"" Wojcik","0"
"45","\N","44","/uploads/products/54b2b5ec420b1.jpg","Платье ""Прекрасные друзья"" Wojcik","0"
"46","\N","45","/uploads/products/54b2b5ec609c5.jpg","Футболка ""Птичка Лулу"" Wojcik","0"
"47","\N","46","/uploads/products/54b2b5ec7f3a9.jpg","Туника ""Птичка Лулу"" Wojcik","0"
"48","\N","47","/uploads/products/54b2b5ecd5055.jpg","Платье ""Птичка Лулу"" Wojcik","0"
"49","\N","48","/uploads/products/54b2b5ed058ba.jpg","Комплект: брючки и футболка-поло ""Проворный кролик""","0"
"50","\N","49","/uploads/products/54b2b5ed2a397.jpg","Топ Wojcik (Коллекция Зелёный взгляд)","0"
"51","\N","50","/uploads/products/54b2b5ed4d0cf.jpg","Платье Wojcik (Коллекция Яркая сторона)","0"
"52","\N","51","/uploads/products/54b2b5ed8ff8f.jpg","Футболка Wojcik (Коллекция Яркая сторона)","0"
"53","\N","52","/uploads/products/54b2b5edecd3a.jpg","Майка Wojcik( Коллекция Яркая Сторона)","0"
"54","\N","53","/uploads/products/54b2b5ee233a6.jpg","Платье летнее Wojcik(Коллекция Радостный момент)","0"
"55","\N","54","/uploads/products/54b2b5ee46011.jpg","Летнее платье Wojcik (Коллекция Николь)","0"
"56","\N","55","/uploads/products/54b2b5ee66c89.jpg","Платье Wojcik (Коллекция Николь)","0"
"57","\N","56","/uploads/products/54b2b5eeba632.jpg","Джинсы мальчик.LEMMI (Артикул: 3100190)","0"
"58","\N","57","/uploads/products/54b2b5efd0abc.jpg","Джинсы мальчик.  LEMMI (Артикул: 3300480)","0"
"59","\N","58","/uploads/products/54b2b5f08bbb8.jpg","Слаксы бежевые на мальчика. LEMMI (Артикул: 3700020)","0"
"60","\N","59","/uploads/products/54b2b5f1363e0.jpg","Джинсы для девочки.LEMMI (Артикул: 4101230)","0"
"61","\N","60","/uploads/products/54b2b5f247c37.jpg","Джинсы для девочки.  LEMMI (Артикул: 4201640)","0"
"62","\N","61","/uploads/products/54b2b5f2707de.jpg","Лего Город Транспорт для перевозки автомобилей(Артикул: 60060)","0"
"63","\N","61","/uploads/products/54b2b5f27f131.jpeg","","0"
"64","\N","61","/uploads/products/54b2b5f28b37d.jpeg","","0"
"65","\N","62","/uploads/products/54b2b5f2b3dda.jpg","Игрушка Подружки Городской бассейн (Артикул: 41008 )","0"
"66","\N","62","/uploads/products/54b2b5f2be24f.jpg","","0"
"67","\N","62","/uploads/products/54b2b5f2ca5f1.jpg","","0"
"68","\N","63","/uploads/products/54b2b5f2ef469.jpg","Празничное платье для девочки (Артикул 12-243)","0"
"69","\N","64","/uploads/products/54b2b5f3c8c05.jpg"," Футболка для мальчика (Артикул 1122182/81)","0"
"70","\N","65","/uploads/products/54b2b5f4190fc.jpg","Футболка для мальчика (Артикул 1122197/83)","0"
"71","\N","66","/uploads/products/54b2b5f50a9f2.jpg","Бермуды LEMMI (Артикул 389032)","0"
"72","\N","67","/uploads/products/54b2b5f569188.jpg","Куртка(ветровка) LEMMI (Артикул 570135)","0"
"73","\N","68","/uploads/products/54b2b5f63d28c.jpg","Комплект Боди д/р, штанишки, нагрудник и пинетки, 4 пр., для девочки (Артикул: FAE-4145G)","0"
"74","\N","69","/uploads/products/54b2b5f6902e2.jpg","Куртка для мальчика LEMMI/Лемми(Артикул 5720220)","0"
"75","\N","70","/uploads/products/54b2b5f70a1ec.jpg","Костюм-тройка для мальчика (Артикул: к.366)","0"
"76","\N","70","/uploads/products/54b2b5f714659.jpg","","0"
"77","\N","70","/uploads/products/54b2b5f726346.jpg","","0"
"78","\N","71","/uploads/products/54b2b5f7d2ba9.jpg","Костюм-тройка для мальчика, подростковый (Артикул: к.366)","0"
"79","\N","71","/uploads/products/54b2b5f7dd22c.jpg","","0"
"80","\N","71","/uploads/products/54b2b5f7e75b8.jpg","","0"
"81","\N","72","/uploads/products/54b2b5f861071.png","Костюм классический для мальчика Van Cliff (Артикул: 97629)","0"
"82","\N","72","/uploads/products/54b2b5f86dd67.png","","0"
"83","\N","73","/uploads/products/54b2b5f966168.jpg","Комплект Боди д/р, боди к/р и штанишки, 3 пр., для девочки (Артикул: FAE-3176G2 )","0"
"84","\N","74","/uploads/products/54b2b5f9d2115.jpg","Комплект Платье и леггинсы, 2 пр. (Артикул: FAH-001G7)","0"
"85","\N","75","/uploads/products/54b2b5fab5afd.jpg"," Комплект Платье д/р и леггинсы (деним), 2 пр., для девочки (Артикул: FAE-001G3 )","0"
"86","\N","76","/uploads/products/54b2b5fb03bf1.jpg"," Футболка д/р, сарафан и леггинсы, 3 пр. (Артикул: Z3PK-176G15)","0"
"87","\N","77","/uploads/products/54b2b5fba21fa.jpg","Зимняя куртка для девочки LEMMI (Артикул: 5520262251)","0"
"88","\N","78","/uploads/products/54b2b5fc1c2d4.jpg","Куртка зимняя для мальчика Lemmi (Артикул: 5720252241)","0"
"89","\N","79","/uploads/products/54b2b5fd427bf.jpg","Комбинезон для мальчика BGF (Lemmi Fashion) (Артикул: 220280)","0"
"90","\N","80","/uploads/products/54b2b5fe04e14.jpg","Платье Sabotage (Артикул: 13Ш1-ПЛД126-03)","0"
"91","\N","80","/uploads/products/54b2b5fe35d45.jpeg","","0"
"92","\N","81","/uploads/products/54b2b5fe995ff.jpeg","Нарядное платье Sabotage (Артикул: 13Н1-ПЛД095-12)","0"
"93","\N","82","/uploads/products/54b2b5ff26b58.jpg","Пальто зимнее для девочки ""Карина"" (Артикул: 1ПЛ1303)","0"
"94","\N","83","/uploads/products/54b2b5ffcd42c.jpg","Праздничное платье для девочки (Артикул: 13-059)","0"
"95","\N","84","/uploads/products/54b2b600a733d.jpg","Куртка зимняя для девочки Crockid (Артикул: К 3771/Н/1)","0"
"96","\N","84","/uploads/products/54b2b600b9d2d.jpg","","0"
"97","\N","85","/uploads/products/54b2b60162acb.jpg","Платье ""Кармен"" Flower Dress USA (Артикул: KD-256)","0"
"98","\N","85","/uploads/products/54b2b6016f2e3.jpg","","0"
"99","\N","85","/uploads/products/54b2b60179919.jpg","","0"
"100","\N","85","/uploads/products/54b2b601841e2.jpg","","0"
"101","\N","86","/uploads/products/54b2b6020b37f.jpg","Платье ""Красотка"" Flower Dress USA (Артикул:  	CG-11-KD-0234)","0"
"102","\N","86","/uploads/products/54b2b6021593e.jpg","","0"
"103","\N","86","/uploads/products/54b2b602223c5.jpg","","0"
"104","\N","87","/uploads/products/54b2b602f3425.jpg","Платье Пышное ""Дюпиони"" Flower Dress USA (Артикул: KD-180B)","0"
"105","\N","87","/uploads/products/54b2b6030a064.jpg","","0"
"106","\N","87","/uploads/products/54b2b60314eee.jpg","","0"
"107","\N","88","/uploads/products/54b2b603bda15.jpg","Праздничное платье для девочки (Артикул: 13-214)","0"
"108","\N","89","/uploads/products/54b2b6049650c.jpg","Нарядное платье Sabotage (Артикул: 13Н1-ПЛД095-51)","0"
"109","\N","90","/uploads/products/54b2b60515a9b.jpg","Нарядное платье Sabotage (Артикул: 13Н1-ПЛД267-42)  ","0"
"110","\N","90","/uploads/products/54b2b60526181.jpeg","","0"
"111","\N","91","/uploads/products/54b2b605a909d.jpg","Нарядное платье Sabotage (Артикул: 13Н1-ПЛД251-01)  ","0"
"112","\N","91","/uploads/products/54b2b605b55e6.jpeg","","0"
"113","\N","92","/uploads/products/54b2b60612f36.jpg","Нарядная блуза Sabotage (Артикул: 13Н1-БЛД054-05)","0"
"114","\N","92","/uploads/products/54b2b6061d3fb.jpeg","","0"
"115","\N","93","/uploads/products/54b2b6065ada6.jpeg","Болеро Sabotage (Артикул: 13Н1-ЖАД166-53)","0"
"116","\N","94","/uploads/products/54b2b606cf972.jpeg","Нарядная юбка (Артикул: 13Н1-ЮБД234-01)","0"
"117","\N","95","/uploads/products/54b2b60765f56.jpg","Джинсы для мальчика LEMMI (Артикул: 3300750)","0"
"118","\N","96","/uploads/products/54b2b6082168f.jpeg","Брюки для девочки Sabotage (Артикул: 13Л1-БРД108-14)","0"
"119","\N","97","/uploads/products/54b2b609bcb61.jpeg","Бриджи для девочки (Артикул: 13В1-БРД002-03)","0"
"120","\N","98","/uploads/products/54b2b60acb8be.jpeg","Юбка для девочки Sabotage (Артикул: 13Л1-ЮБД112-20)","0"
"121","\N","99","/uploads/products/54b2b60b54050.jpeg","Комбинезон для девочки Sabotage (Артикул: 13Л1-КЗД534-23)","0"
"122","\N","100","/uploads/products/54b2b60c4bc24.jpeg","Брюки для девочки Sabotage (Артикул: 13Л1-БРД474-01)","0"
"123","\N","101","/uploads/products/54b2b60cca53c.jpeg","Комбинезон для девочки Sabotage (Артикул: 12Л1-КЗД093-10)","0"
"124","\N","102","/uploads/products/54b2b60dbb89e.jpeg","Футболка для девочки Sabotage (Артикул: 13В1-ФУД022-05)","0"
"125","\N","103","/uploads/products/54b2b60e60566.jpeg","Туника для девочки Sabotage (Артикул: 13В1-ТНД018-05)","0"
"126","\N","104","/uploads/products/54b2b60ece7f4.jpeg","Комбинезон для девочки Sabotage (Артикул:  13Л1-КЗД555-62)","0"
"127","\N","105","/uploads/products/54b2b60f50e42.jpeg","Куртка джинсовая для девочки Sabotage (Артикул: 13В1-ЖАД208-10)","0"
"128","\N","105","/uploads/products/54b2b60f5f546.jpg","","0"
"129","\N","106","/uploads/products/54b2b60fe6826.jpg","Куртка джинсовая  для мальчика Sabotage (13В2-ЖАМ354-62)","0"
"130","\N","107","/uploads/products/54b2b6105a368.jpeg","Блузка Sabotage (Артикул:  13Ш1-БТД111-05)","0"
"131","\N","108","/uploads/products/54b2b610ec5a6.jpeg","Блузка Sabotage (Артикул:  13Ш3-БЛД195-05)","0"
"132","\N","109","/uploads/products/54b2b611c23c4.jpg","Платье Sabotage (Артикул: 13Ш3-ПЛД201-03)","0"
"133","\N","109","/uploads/products/54b2b611cea57.jpeg","","0"
"134","\N","110","/uploads/products/54b2b612381e6.jpeg","Платье Sabotage (Артикул: 13Ш3-САД214-03)","0"
"135","\N","111","/uploads/products/54b2b61306b00.jpeg","Блузка Sabotage (Артикул: 13Ш3-БТД184-53)","0"
"136","\N","112","/uploads/products/54b2b61393e31.jpeg","Блузка Sabotage (Артикул: 13Ш3-БТД185-53)","0"
"137","\N","113","/uploads/products/54b2b614b3d63.png","Костюм классический для мальчика Van Cliff (Артикул: 96759)","0"
"138","\N","113","/uploads/products/54b2b614dc5d6.png","","0"
"139","\N","114","/uploads/products/54b2b61593fa3.png","Костюм классический для мальчика Van Cliff (Артикул: 97528)","0"
"140","\N","114","/uploads/products/54b2b615a5dbc.png","","0"
"141","\N","115","/uploads/products/54b2b61634f69.jpeg","Блузка для девочки Sabotage (Артикул: 13Ш4-ОБД147-01)","0"
"142","\N","116","/uploads/products/54b2b6171163b.jpeg","Блузка для девочки Sabotage (Артикул: 13Ш1-БТД109-05)","0"
"143","\N","117","/uploads/products/54b2b6176bcbf.png","Праздничное платье (Артикул: 050М-2)","0"
"144","\N","117","/uploads/products/54b2b6177ac8e.png","","0"
"145","\N","117","/uploads/products/54b2b61784993.png","","0"
"146","\N","118","/uploads/products/54b2b617cfcd6.jpg","Платье праздничное (Артикул: 086S-2)","0"
"147","\N","118","/uploads/products/54b2b617dc1cb.png","","0"
"148","\N","118","/uploads/products/54b2b617e89af.png","","0"
"149","\N","118","/uploads/products/54b2b618179e6.png","","0"
"150","\N","119","/uploads/products/54b2b6193cb23.png","Праздничное платье (Артикул: 088S)","0"
"151","\N","120","/uploads/products/54b2b619ae0a2.png","Нарядное платье Афина Ahsen","0"
"152","\N","120","/uploads/products/54b2b619b8d12.png","","0"
"153","\N","121","/uploads/products/54b2b61a74552.jpg","Праздничный костюм - тройка для мальчика (арт. 200-2)","0"
"154","\N","122","/uploads/products/54b2b61b10158.jpg","Праздничное платье (Артикул: 812-2)","0"
"155","\N","122","/uploads/products/54b2b61b22b10.jpg","","0"
"156","\N","123","/uploads/products/54b2b61bc2ddb.jpg","Праздничное платье (Артикул: 091S)","0"
"157","\N","124","/uploads/products/54b2b61d481cd.jpg","Полукомбинезон для мальчика ""Гена"" (Артикул:  1ПК1284), Oldos","0"
"158","\N","124","/uploads/products/54b2b61d54845.jpg","","0"
"159","\N","125","/uploads/products/54b2b61dc5f2c.png","Платье Баллон Ahsen","0"
"160","\N","125","/uploads/products/54b2b61deafd7.png","","0"
"161","\N","126","/uploads/products/54b2b61e849a2.png","Платье Плиссе Ahsen","0"
"162","\N","127","/uploads/products/54b2b61fceddb.jpg","Ветровка для мальчика Crockid (Артикул: 30018)","0"
"163","\N","128","/uploads/products/54b2b62010962.png","Платье Силуэт Ahsen","0"
"164","\N","128","/uploads/products/54b2b6201c7ef.png","","0"
"165","\N","129","/uploads/products/54b2b6206d9b8.png","Платье с баской ","0"
"166","\N","130","/uploads/products/54b2b620c74f3.png","Праздничное платье Белая балерина","0"
"167","\N","130","/uploads/products/54b2b620d3ff6.png","","0"
"168","\N","131","/uploads/products/54b2b62128aed.png","Праздничное платье (Артикул: 007s)","0"
"169","\N","132","/uploads/products/54b2b6216ac0e.png","Праздничное платье ажурное","0"
"170","\N","132","/uploads/products/54b2b621903a0.png","","0"
"171","\N","133","/uploads/products/54b2b6222404d.png","Праздничное платье Polin (розы)","0"
"173","\N","135","/uploads/products/54b2b6231fc21.jpg","Игрушка Фабрика Героев ФУРНО ЭКСЕЛЬ (Артикул 44000)","0"
"174","\N","135","/uploads/products/54b2b62344bfd.jpg","","0"
"175","\N","136","/uploads/products/54b2b623b9d72.jpg","Игрушка Фабрика Героев ПАЙРОКС (Артикул: 44001)","0"
"176","\N","136","/uploads/products/54b2b623c6381.jpg","","0"
"177","\N","137","/uploads/products/54b2b62409056.jpg","Игрушка Фабрика Героев СУРЖ (Артикул: 44008)","0"
"178","\N","138","/uploads/products/54b2b62439e0c.jpg","Игрушка Фабрика Героев ДРАКОН МОЛНИЯ (Артикул: 44009 )","0"
"179","\N","139","/uploads/products/54b2b6245a7e5.jpg","Лего Город Пожарная машина для аэропорта (Артикул 60061)","0"
"180","\N","139","/uploads/products/54b2b62464d96.jpeg","","0"
"181","\N","139","/uploads/products/54b2b6246f2d3.jpeg","","0"
"182","\N","140","/uploads/products/54b2b62497b7c.jpg","Лего Город Погоня за воришками-байкерами (Артикул: 60042)","0"
"183","\N","140","/uploads/products/54b2b624a2320.jpeg","","0"
"184","\N","140","/uploads/products/54b2b624ac63f.jpeg","","0"
"185","\N","141","/uploads/products/54b2b62503ac4.jpg","Лего Город Выездной отряд полиции (Артикул: 60044)","0"
"186","\N","141","/uploads/products/54b2b625145c1.jpeg","","0"
"187","\N","141","/uploads/products/54b2b6254344c.jpeg","","0"
"188","\N","142","/uploads/products/54b2b6257e673.jpg","Лего Город Полицейский патруль(Артикул: 60045)","0"
"189","\N","142","/uploads/products/54b2b6259148f.jpeg","","0"
"190","\N","142","/uploads/products/54b2b625a87f3.jpeg","","0"
"191","\N","143","/uploads/products/54b2b625dc5da.jpg","Лего Город Внедорожник с катером (Артикул: 60058)","0"
"192","\N","143","/uploads/products/54b2b625e8f98.jpeg","","0"
"193","\N","143","/uploads/products/54b2b626010ff.jpeg","","0"
"194","\N","144","/uploads/products/54b2b6262fcaa.jpg","Лего Город Лесовоз (Артикул: 60059)","0"
"195","\N","144","/uploads/products/54b2b6263a3c9.jpeg","","0"
"196","\N","144","/uploads/products/54b2b6264491d.jpeg","","0"
"197","\N","145","/uploads/products/54b2b626c584f.jpg","Игрушка кукла Lalaloopsy В стране ковбоев (Артикул: 512349 )","0"
"198","\N","146","/uploads/products/54b2b62716d48.jpg","Игрушка кукла Lalaloopsy Доброе сердечко (Артикул: 512370 )","0"
"199","\N","147","/uploads/products/54b2b627622da.jpg","Игрушка кукла Lala Oopsie Орешник (Артикул: 520023 )","0"
"200","\N","148","/uploads/products/54b2b627a1aae.jpg","Игрушка Kawaii подружки (Артикул: 33502 )","0"
"201","\N","149","/uploads/products/54b2b627d27f3.jpg","Игрушка Kawaii торговый центр (Артикул: 33503 )","0"
"202","\N","150","/uploads/products/54b2b6284f2b7.jpg","Игрушка кукла Novi Stars Una Verse (Сияющая жидкость внутри) (Артикул: 516934 )","0"
"203","\N","151","/uploads/products/54b2b628ad3a4.jpg","Игрушка кукла Novi Stars Mae Tallick (Говорящая) (Артикул: 516941 )","0"
"204","\N","152","/uploads/products/54b2b628e26d2.jpg","Игрушка кукла Bratzillaz Возвращение в академию, Мейгана Брумстикс (Артикул: 523581 )","0"
"205","\N","152","/uploads/products/54b2b628ecc27.jpg","","0"
"206","\N","152","/uploads/products/54b2b62902bee.jpg","","0"
"207","\N","153","/uploads/products/54b2b6292b829.jpg","Игрушка кукла Bratzillaz Возвращение в академию, Индианка (Артикул: 523611 )","0"
"208","\N","153","/uploads/products/54b2b62935ca1.jpg","","0"
"209","\N","154","/uploads/products/54b2b6295a671.jpg","Игрушка кукла Bratzillaz Магический бал, Сашабэлла (Артикул 519300 )","0"
"210","\N","155","/uploads/products/54b2b62aa4a88.jpg","Куртка для мальчика ""Мартин"" Oldos (Артикул: 3К1402)","0"
"211","\N","155","/uploads/products/54b2b62ab0f6e.jpg","","0"
"212","\N","156","/uploads/products/54b2b62b103e6.jpg","Слитный комбинезон для девочки ""Весенний"" Oldos (Артикул: 2КБ1402)","0"
"213","\N","157","/uploads/products/54b2b62bc43e9.jpg","Слитный комбинезон для мальчика ""Актив"" Oldos (Артикул: 2КБ1401)","0"
"214","\N","158","/uploads/products/54b2b62c13509.jpg","Куртка для мальчика ""Команда"" Oldos (Артикул: 14/О-3jk504)","0"
"215","\N","159","/uploads/products/54b2b62c75061.jpg","Куртка для мальчика ""Лондон"" Oldos (Артикул: 14/О-3jk500)","0"
"216","\N","160","/uploads/products/54b2b62ca2641.jpg","Tizo Grand Автокресло бежевый/beige","0"
"217","\N","161","/uploads/products/54b2b62cf1955.jpg","Tizo Grand Автокресло коричневый/cappuccino","0"
"218","\N","162","/uploads/products/54b2b62d4fb06.jpg","Tizo Guard Автокресло коричневый/cappuccino","0"
"219","\N","163","/uploads/products/54b2b62d6e442.jpg","Tizo Start Автокресло зеленый/green","0"
"220","\N","164","/uploads/products/54b2b62d99894.jpg","Автокресло Avionaut GILDER 9-25кг желтый/база серая AV-340 S.01","0"
"221","\N","165","/uploads/products/54b2b62dbe2a0.jpg","Автокресло Concord Красно-черный / Black&Red B-Zone","0"
"222","\N","166","/uploads/products/54b2b62e1f7ca.jpg","Куртка для девочки Crockid (Артикул: 32022)","0"
"223","\N","167","/uploads/products/54b2b62e5a5b7.png","Автокресло Sparco F 300 K","0"
"224","\N","167","/uploads/products/54b2b62e6fc15.png","","0"
"225","\N","167","/uploads/products/54b2b62e8caa6.jpg","","0"
"226","\N","167","/uploads/products/54b2b62ea4eb0.jpg","","0"
"227","\N","167","/uploads/products/54b2b62ec7f72.jpg","","0"
"228","\N","168","/uploads/products/54b2b62f5a66b.png","Автокресло Sparco F 700 K","0"
"229","\N","168","/uploads/products/54b2b62f66eda.png","","0"
"230","\N","168","/uploads/products/54b2b62f77c30.png","","0"
"231","\N","168","/uploads/products/54b2b62f87ee4.png","","0"
"232","\N","168","/uploads/products/54b2b62f9253c.png","","0"
"233","\N","168","/uploads/products/54b2b62f9c3ed.png","","0"
"234","\N","168","/uploads/products/54b2b62fa697b.png","","0"
"235","\N","169","/uploads/products/54b2b62fe37ac.png","Автокресло Sparco F 500 K","0"
"236","\N","169","/uploads/products/54b2b62fee6b2.png","","0"
"237","\N","169","/uploads/products/54b2b63026c82.png","","0"
"238","\N","169","/uploads/products/54b2b63045cbb.png","","0"
"239","\N","169","/uploads/products/54b2b6306d6f6.jpg","","0"
"240","\N","169","/uploads/products/54b2b63082233.jpg","","0"
"241","\N","170","/uploads/products/54b2b63162bf7.jpg","Автокресло CONCORD AIR","0"
"242","\N","170","/uploads/products/54b2b6316f152.jpg","","0"
"243","\N","170","/uploads/products/54b2b63181122.jpg","","0"
"244","\N","170","/uploads/products/54b2b6319e58b.jpg","","0"
"245","\N","170","/uploads/products/54b2b631b5f20.jpg","","0"
"246","\N","170","/uploads/products/54b2b631dfd45.jpg","","0"
"247","\N","171","/uploads/products/54b2b63220cc1.jpg","Автокресло CONCORD LIFT CORE","0"
"248","\N","171","/uploads/products/54b2b6322d2dd.jpg","","0"
"249","\N","171","/uploads/products/54b2b632394ec.jpg","","0"
"250","\N","171","/uploads/products/54b2b63247971.jpg","","0"
"251","\N","171","/uploads/products/54b2b63254104.jpg","","0"
"252","\N","171","/uploads/products/54b2b6325e4d7.jpg","","0"
"253","\N","172","/uploads/products/54b2b6327ceff.jpg","Автокресло CONCORD TRANSFORMER PRO","0"
"254","\N","172","/uploads/products/54b2b6328b6dc.jpg","","0"
"255","\N","172","/uploads/products/54b2b6329e3f2.jpg","","0"
"256","\N","173","/uploads/products/54b2b632d1343.jpg","Автокресло CONCORD TRANSFORMER T","0"
"257","\N","173","/uploads/products/54b2b632dd829.jpg","","0"
"258","\N","173","/uploads/products/54b2b632e9c07.jpg","","0"
"259","\N","173","/uploads/products/54b2b63301d0a.jpg","","0"
"260","\N","173","/uploads/products/54b2b63313a62.jpg","","0"
"261","\N","173","/uploads/products/54b2b633373ae.jpg","","0"
"262","\N","174","/uploads/products/54b2b635ddb21.jpg","Брюки для мальчика Van Cliff Джейк-юниор, чёрные (Артикул: А97580)","0"
"263","\N","174","/uploads/products/54b2b635ea156.jpg","","0"
"264","\N","175","/uploads/products/54b2b6383b55b.jpg","Брюки для мальчика Van Cliff Ченинг-юниор, серые (Артикул: А94424)","0"
"265","\N","175","/uploads/products/54b2b63849c1b.jpg","","0"
"266","\N","176","/uploads/products/54b2b638de4e1.jpg","Сорочка для мальчика Van Cliff (Артикул: С002)","0"
"267","\N","177","/uploads/products/54b2b63968891.jpg","Блуза д/д Sabotage (Артикул: 14Ш1-БТД123-03)","0"
"268","\N","178","/uploads/products/54b2b63a350b0.jpg","Блуза д/д Sabotage (Артикул: 14Ш1-БТД076-05)","0"
"269","\N","179","/uploads/products/54b2b63ad9f74.jpg","Блуза д/д Sabotage (Артикул: 14Ш3-БТД066-07)","0"
"270","\N","179","/uploads/products/54b2b63ae463f.jpg","","0"
"271","\N","180","/uploads/products/54b2b63b417d1.jpg","Блуза д/д Sabotage (Артикул: 14Ш1-БТД160-05)","0"
"272","\N","181","/uploads/products/54b2b63c1359a.jpg","Блуза д/д Sabotage (Артикул: 14Ш1-БТД097-05)","0"
"273","\N","182","/uploads/products/54b2b63cd3309.jpg","Блуза д/д Sabotage (Артикул: 14Ш1-БЛД230-05)","0"
"274","\N","183","/uploads/products/54b2b63d3ee9a.jpg","Блуза д/д Sabotage (Артикул: 14Ш1-БТД274-05)","0"
"275","\N","184","/uploads/products/54b2b63d9895b.jpg","Блуза д/д Sabotage (Артикул: 14Ш3-БТД048-05)","0"
"276","\N","185","/uploads/products/54b2b63e64788.jpg","Блуза д/д Sabotage (Артикул: 14Ш1-БТД050-05)","0"
"277","\N","186","/uploads/products/54b2b63edc9bc.jpg","Блуза д/д Sabotage (Артикул: 14Ш1-БТД098-05)","0"
"278","\N","187","/uploads/products/54b2b63fe37b0.jpg","Блуза д/д Sabotage (Артикул: 14Ш3-БТД039-05)","0"
"279","\N","188","/uploads/products/54b2b640f376f.jpg","Блуза д/д Sabotage (Артикул: 14Ш1-БТД084-05)","0"
"280","\N","189","/uploads/products/54b2b64185a98.jpg","Юбка Sabotage (Артикул: 14Ш1-ЮБД072-42)","0"
"282","\N","191","/uploads/products/54b2b6430e666.jpg","Юбка Sabotage (Артикул: 14Ш1-ЮБД145-01)","0"
"283","\N","192","/uploads/products/54b2b644a40da.jpg","Сарафан Sfbotage (Артикул: 14ш1-сад204-01)","0"
"286","\N","194","/uploads/products/54b2b6462c131.jpg","Сарафан Sfbotage (Артикул: 14ш3-сад043-01)","0"
"287","\N","195","/uploads/products/54b2b646ee7b9.jpg","Блузка (Артикул: Д86, Россия)","0"
"288","\N","196","/uploads/products/54b2b64758313.jpg","Блузка (Артикул: Д94, Россия)","0"
"289","\N","197","/uploads/products/54b2b647e280e.jpg","Блузка (Артикул: АД28, Россия)","0"
"290","\N","198","/uploads/products/54b2b6489c861.jpg","Блузка (Артикул: Д82, Россия)","0"
"292","\N","200","/uploads/products/54b2b64975f42.jpg","Сарафан(Артикул: Г70, Россия)","0"
"293","\N","201","/uploads/products/54b2b64a70a41.jpg","Сарафан(Артикул: Г05-2, Россия)","0"
"294","\N","202","/uploads/products/54b2b64c1c01a.jpg","Костюм для мальчика, школьный Стив-юниор Van Cliff (Артикул: А94341).  Роста: 122-146","0"
"295","\N","202","/uploads/products/54b2b64c28c8e.jpg","","0"
"296","\N","203","/uploads/products/54b2b64ca478e.jpg","Костюм для мальчика, школьный Стив-юниор Van Cliff (Артикул: А94341).  Роста: 152-164","0"
"297","\N","203","/uploads/products/54b2b64cb1303.jpg","","0"
"298","\N","204","/uploads/products/54b2b64d1e7dc.jpg","Костюм для мальчика, школьный Ченинг-юниор Van Cliff (Артикул: А94423). Роста: 122-146","0"
"299","\N","204","/uploads/products/54b2b64d291be.jpg","","0"
"300","\N","205","/uploads/products/54b2b64d80623.jpg","Костюм для мальчика, школьный Ченинг-юниор Van Cliff (Артикул: А94423). Роста: 152-164","0"
"301","\N","205","/uploads/products/54b2b64d8cd5b.jpg","","0"
"302","\N","206","/uploads/products/54b2b64e5caa3.jpg","Костюм классический Джейк-2 для мальчика Van Cliff, для больших полнот (Артикул: 97604)","0"
"303","\N","207","/uploads/products/54b2b6501ac17.jpg","Брюки для мальчика синие Van Cliff Стив-юниор (Артикул: А94342)","0"
"304","\N","208","/uploads/products/54b2b650e45d0.jpg","Сарафан Карамелли (Артикул: 70982)","0"
"305","\N","209","/uploads/products/54b2b6516016d.jpg","Сарафан Карамелли (Артикул: 70286)","0"
"306","\N","210","/uploads/products/54b2b6520a4d1.jpg","Сарафан Карамелли (Артикул: 70889)","0"
"307","\N","211","/uploads/products/54b2b652b8e5d.jpg","Сарафан Карамелли (Артикул: 70239)","0"
"308","\N","212","/uploads/products/54b2b6532c8a7.jpg","Юбка Карамелли (Артикул: 70899)","0"
"309","\N","213","/uploads/products/54b2b6539ac39.jpg","Юбка Карамелли (Артикул: 71004)","0"
"310","\N","214","/uploads/products/54b2b654c8073.jpg","Юбка Карамелли (Артикул: 70212)","0"
"311","\N","215","/uploads/products/54b2b655cdc74.jpg","Костюм для мальчика, школьный Джейк-2  Van Cliff (Артикул: А94423). Роста: 128-146","0"
"312","\N","216","/uploads/products/54b2b6570188d.jpg","Брюки для мальчика чёрные Джой-1-юниор Van Cliff, для больших полнот (Артикул: А97618 )","0"
"313","\N","217","/uploads/products/54b2b65754f4a.jpg","Зимний комплект для мальчика «Айс», Oldos","0"
"314","\N","218","/uploads/products/54b2b6582af4e.jpg","Брюки для мальчика чёрные Агат-юниор Van Cliff, для больших полнот (Артикул:А96967 )","0"
"291","\N","199","/uploads/products/54b2b64906099.jpg","Блузка (Артикул: Д48, Россия)","2"
"285","\N","193","/uploads/products/54b2b64591cc9.jpg","","2"
"281","\N","190","/uploads/products/54b2b6425bade.jpg","Юбка Sabotage (Артикул: 14Ш1-ЮБД225-42)","2"
"315","\N","219","/uploads/products/54b2b659b079e.jpg","Брюки для мальчика Джейк 2-юниор синий Van Cliff, для больших полнот (Артикул:А97622 )","0"
"316","\N","220","/uploads/products/54b2b65a4cd53.jpg","Брюки для мальчика Гамми, тёмно-серые Van Cliff, для больших полнот (Артикул:А97614 )","0"
"317","\N","220","/uploads/products/54b2b65a594fd.jpg","","0"
"318","\N","221","/uploads/products/54b2b65ae1c06.jpg","Жилет и брюки классические Van Cliff ""Джейк-юниор черный""  (Артикул: А97553 )","0"
"319","\N","222","/uploads/products/54b2b65b71d52.jpg","Блузка для девочки Sabotage (Артикул: 14Ш3-БТД046-05)","0"
"320","\N","223","/uploads/products/54b2b65c2fef2.jpg","Блузка для девочки Sabotage (Артикул: 14Ш3-БТД037-05)","0"
"321","\N","224","/uploads/products/54b2b65ceb307.jpg","Жакет для девочки Карамелли (Артикул: 73415)","0"
"322","\N","225","/uploads/products/54b2b65db96c0.jpg","Жакет для девочки Карамелли (Артикул: 73423)","0"
"323","\N","226","/uploads/products/54b2b65e28fba.jpg","Блузка для девочки Карамелли (Артикул: 70318)","0"
"324","\N","227","/uploads/products/54b2b65fb249a.jpg","Жилет для девочки Карамелли (Артикул: 74322)","0"
"325","\N","228","/uploads/products/54b2b6603c8e8.jpg","Сарафан школьный для девочки (Артикул: Г64)","0"
"326","\N","229","/uploads/products/54b2b660bed44.jpg","Сарафан школьный для девочки (Артикул: Г85)","0"
"327","\N","230","/uploads/products/54b2b661cd8e9.jpg","Сарафан школьный для девочки (Артикул: Г86)","0"
"328","\N","231","/uploads/products/54b2b66284655.jpg","Сарафан школьный для девочки (Артикул: Д07)","0"
"329","\N","232","/uploads/products/54b2b662b7632.jpg","Школьная блузка для девочки (Артикул: Д36)","0"
"330","\N","233","/uploads/products/54b2b6630a8b2.jpg","Школьная блузка для девочки (Артикул: Д45)","0"
"331","\N","234","/uploads/products/54b2b6634df01.jpg","Школьная блузка для девочки (Артикул: Д91)","0"
"332","\N","235","/uploads/products/54b2b6640c292.jpg","Школьная блузка для девочки (Артикул: Д24)","0"
"333","\N","236","/uploads/products/54b2b66479ad8.jpg","Сарафан школьный для девочки Карамелли (Артикул: 75130)","0"
"334","\N","237","/uploads/products/54b2b665389f5.jpg","Костюм для мальчика, школьный Джейк-2  Van Cliff (Артикул: А94423). Роста: 152-158","0"
"335","\N","238","/uploads/products/54b2b665af344.jpg","Зимний комплект для мальчика «Брэд», Oldos","0"
"336","\N","239","/uploads/products/54b2b66606a10.jpg","Зимний комплект для мальчика «Демьян», Oldos","0"
"337","\N","239","/uploads/products/54b2b66613114.jpg","","0"
"338","\N","240","/uploads/products/54b2b66668622.jpg","Зимний комплект для мальчика «Алан», Oldos","0"
"339","\N","241","/uploads/products/54b2b666a9ad4.jpg","Зимний комплект для девочки «Мария-Антуанетта», Oldos","0"
"340","\N","242","/uploads/products/54b2b666f0dd7.jpg","Зимний комплект для девочки «Светлана», Oldos","0"
"341","\N","243","/uploads/products/54b2b667a0ad6.jpg","Пальто для девочки «Пенелопа», Oldos","0"
"342","\N","244","/uploads/products/54b2b667d5a92.jpg","Пальто для девочки «Василиса», Oldos","0"
"352","\N","252","/uploads/products/54b2b66cb9d38.png","Праздничное платье для девочки ""Ажур""","0"
"353","\N","252","/uploads/products/54b2b66cd336d.png","","0"
"354","\N","252","/uploads/products/54b2b66cdd42c.png","","0"
"355","\N","253","/uploads/products/54b2b66d465f1.png","Праздничное платье для девочки ""Нежные узоры""","0"
"356","\N","254","/uploads/products/54b2b66dbcb88.png","Праздничное платье для девочки ""Кокетка""","0"
"357","\N","255","/uploads/products/54b2b66e0ff0c.png","Праздничное платье для девочки ""Цветок""","0"
"358","\N","256","/uploads/products/54b2b66e55278.jpg","Пальто для девочки «Ани», Oldos","0"
"359","\N","257","/uploads/products/54b2b66ee2d1f.jpg","Пальто для девочки «Афина», Oldos","0"
"360","\N","258","/uploads/products/54b2b66f70730.jpg","Зимний комплект для мальчика Crockid","0"
"361","\N","258","/uploads/products/54b2b66f80f76.jpg","","0"
"362","\N","258","/uploads/products/54b2b66f93bba.jpg","","0"
"363","\N","259","/uploads/products/54b2b66fe7146.jpg","Зимняя куртка  для мальчика Crockid","0"
"364","\N","260","/uploads/products/54b2b6705d0ee.jpg","Коляска Lonex JULIA ECCO","0"
"365","\N","261","/uploads/products/54b2b67097030.jpg","Коляска Lonex CARROZZA","0"
"366","\N","262","/uploads/products/54b2b670b59c9.jpg","Коляска Lonex JULIA BARONESSA","0"
"367","\N","263","/uploads/products/54b2b670e0c61.jpg","Коляска Lonex SPEEDY V LIGHT","0"
"370","\N","265","/uploads/products/54b2b6734d146.jpg","Платье для девочки Sabotage (Артикул: 15Н1-ПЛД117-05)","0"
"348","\N","249","/uploads/products/54b2b66abbb0b.png","Праздничное платье для девочки ""Атлас""","2"
"351","\N","251","/uploads/products/54b2b66b864c1.png","Праздничное платье для девочки ""Винтаж""","2"
"349","\N","250","/uploads/products/54b2b66b2e9c3.png","Праздничное платье для девочки ""Принцесса""","2"
"350","\N","250","/uploads/products/54b2b66b3a124.png","","3"
"347","\N","248","/uploads/products/54b2b669ec9e7.png","Праздничное платье для девочки ""Мальвина""","2"
"343","\N","245","/uploads/products/54b2b6686a9b6.png","Праздничное платье для девочки ""Розы""","2"
"346","\N","247","/uploads/products/54b2b66972d18.png","Праздничное платье для девочки ""Золушка""","2"
"345","\N","246","/uploads/products/54b2b6692954d.png","","3"
"344","\N","246","/uploads/products/54b2b6691e183.png","Праздничное платье для девочки ""Снежная королева""","2"
"371","\N","265","/uploads/products/54b2b67361c35.jpg","","0"
"372","\N","266","/uploads/products/54b2b673f3b0e.jpg","Платье для девочки Sabotage (Артикул: 15Н1-ПЛД032-51)","0"
"373","\N","266","/uploads/products/54b2b6741267f.jpg","","0"
"374","\N","267","/uploads/products/54b2b6745c30c.jpg","Платье для девочки Sabotage (Артикул:15Н1-ПЛД058-53)","0"
"375","\N","267","/uploads/products/54b2b67466a75.jpg","","0"
"376","\N","268","/uploads/products/54b2b674bf807.jpg","Платье для девочки Sabotage (Артикул: 15Н1-ПЛД091-07)","0"
"377","\N","268","/uploads/products/54b2b674ca0b1.jpg","","0"
"378","\N","269","/uploads/products/54b2b67539ace.jpg","Платье для девочки Sabotage (Артикул: 15Н1-ПЛД048-13)","2"
"379","\N","269","/uploads/products/54b2b67546a73.jpg","","1"
"380","\N","270","/uploads/products/54b2b6758b39b.jpg","Платье для девочки Sabotage (Артикул: 15Н1-ПЛД061-10)","0"
"381","\N","270","/uploads/products/54b2b675a0b3f.jpg","","0"
"382","\N","271","/uploads/products/54b2b6761d49b.jpg","Платье для девочки Sabotage (Артикул: 15Н1-ПЛД056-03)","0"
"383","\N","272","/uploads/products/54b2b676950d1.jpg"," Платье для девочки Карамелли(Артикул: 81204) ","0"
"384","\N","273","/uploads/products/54b2b67704f2a.jpg"," Платье для девочки Карамелли(Артикул: 81234) ","0"
"385","\N","274","/uploads/products/54b2b677cc9e1.jpg"," Платье для девочки Карамелли(Артикул: 81259) ","0"
"386","\N","275","/uploads/products/54b2b6783f036.jpg"," Комплект для девочки Карамелли(Артикул: 81197) ","0"
"387","\N","276","/uploads/products/54b2b678b5ec0.jpg"," Платье для девочки Карамелли(Артикул: 80489) ","0"
"388","\N","277","/uploads/products/54b2b67932147.jpg"," Платье для девочки Карамелли(Артикул: 80506) ","0"
"389","\N","278","/uploads/products/54b2b6797b584.jpg"," Платье для девочки Карамелли(Артикул: 81254) ","0"
"390","\N","279","/uploads/products/54b2b679d1c0c.jpg"," Платье для девочки Карамелли(Артикул: 81191) ","0"
"391","\N","280","/uploads/products/54b2b67aa3a59.jpg"," Платье для девочки Карамелли(Артикул: 80545) ","0"
"392","\N","281","/uploads/products/54b2b67bb501f.jpg"," Платье для девочки (Артикул: 639) ","0"
"393","2","\N","/uploads/vendors/54c89c276cbee.png","\N","100"
"394","3","\N","/uploads/vendors/54d70b4ee7baa.png","\N","100"
"395","4","\N","/uploads/vendors/54d70cbd7d200.png","\N","100"
"396","5","\N","/uploads/vendors/54d70db8bec97.jpeg","\N","100"
"397","6","\N","/uploads/vendors/54d70f6772959.jpeg","\N","100"
"399","8","\N","/uploads/vendors/54d711acc9689.png","\N","100"
"402","\N","283","/uploads/products/55214e19319d3.png","\N","100"
"403","\N","284","/uploads/products/5521501a54bf4.png","\N","100"
"404","\N","285","/uploads/products/552150a93f75e.jpeg","\N","100"
"445","\N","316","/uploads/products/55574cc01a51b.jpeg","\N","100"
"446","\N","317","/uploads/products/55574d6fce221.jpeg","\N","100"
"436","\N","309","/uploads/products/553d314a9ef37.jpeg","\N","3"
"432","\N","309","/uploads/products/553d314a9a5c1.jpeg","\N","1"
"406","\N","286","/uploads/products/5521545d28aae.png","\N","4"
"433","\N","309","/uploads/products/553d314a9ba33.jpeg","\N","6"
"407","\N","286","/uploads/products/5521545d29694.png","\N","3"
"405","\N","286","/uploads/products/5521545d2797d.jpeg","\N","1"
"408","\N","286","/uploads/products/5521545d2a222.png","\N","2"
"409","\N","287","/uploads/products/5522d03315563.jpeg","\N","100"
"410","\N","287","/uploads/products/5522d03316661.jpeg","\N","100"
"411","\N","288","/uploads/products/5522d3e817d12.jpeg","\N","1"
"412","\N","288","/uploads/products/5522d3e818c93.jpeg","\N","2"
"413","\N","289","/uploads/products/5522d561b9352.jpeg","\N","100"
"414","\N","290","/uploads/products/55257fd4e1ce7.jpeg","\N","100"
"415","\N","291","/uploads/products/552580642cd88.jpeg","\N","100"
"416","\N","292","/uploads/products/552581aa54d24.jpeg","\N","100"
"417","\N","293","/uploads/products/552943a06c727.jpeg","\N","100"
"418","\N","294","/uploads/products/5529451d40973.jpeg","\N","100"
"419","\N","295","/uploads/products/552946e9a74ae.jpeg","\N","100"
"420","\N","296","/uploads/products/552948019e169.jpeg","\N","100"
"421","\N","297","/uploads/products/552a8a80ce335.jpeg","\N","100"
"422","\N","298","/uploads/products/552a8af9062a2.jpeg","\N","100"
"423","\N","299","/uploads/products/552a8b7fafe4a.jpeg","\N","100"
"424","\N","300","/uploads/products/552aa5fab7d7c.jpeg","\N","100"
"425","\N","301","/uploads/products/552aa6696bb85.jpeg","\N","100"
"426","\N","302","/uploads/products/552aa6c774413.jpeg","\N","100"
"427","\N","303","/uploads/products/552eae1851ac0.jpeg","\N","100"
"429","\N","307","/uploads/products/553d2dd189b85.jpeg","\N","100"
"430","\N","308","/uploads/products/553d2f2c3f1ba.jpeg","\N","100"
"431","11","\N","/uploads/vendors/553d307843172.jpeg","\N","100"
"437","\N","309","/uploads/products/553d314aa001b.jpeg","\N","2"
"434","\N","309","/uploads/products/553d314a9cbca.jpeg","\N","5"
"447","\N","318","/uploads/products/55574dd76520f.jpeg","\N","100"
"435","\N","309","/uploads/products/553d314a9dca2.jpeg","\N","4"
"438","12","\N","/uploads/vendors/5550ce9911c6a.gif","\N","100"
"439","\N","310","/uploads/products/5550d04131db5.jpeg","\N","100"
"440","\N","311","/uploads/products/555749c6dd7de.jpeg","\N","100"
"442","\N","313","/uploads/products/55574b24ad972.jpeg","\N","100"
"448","13","\N","/uploads/vendors/555ef91808f8e.jpeg","\N","100"
"450","\N","319","/uploads/products/556acb6c5dcbd.jpeg","\N","2"
"449","\N","319","/uploads/products/556acb6c5ca0e.jpeg","\N","1"
"451","\N","320","/uploads/products/556acc7137217.jpeg","\N","1"
"452","\N","320","/uploads/products/556acc7138386.jpeg","\N","2"
"453","\N","321","/uploads/products/556acd0b0538d.jpeg","\N","100"
"454","\N","321","/uploads/products/556acd0b072fd.jpeg","\N","100"
"455","\N","322","/uploads/products/556acdec07c11.jpeg","\N","100"
"456","\N","322","/uploads/products/556acdec08e24.jpeg","\N","100"
"457","\N","323","/uploads/products/556acf3ae1cce.jpeg","\N","100"
"458","\N","323","/uploads/products/556acf3ae3093.jpeg","\N","100"
"459","\N","324","/uploads/products/556ad015e8b6b.jpeg","\N","100"
"460","\N","324","/uploads/products/556ad015e9d66.jpeg","\N","100"
"461","\N","324","/uploads/products/556ad015ea6bc.jpeg","\N","100"
"462","\N","324","/uploads/products/556ad015eb278.jpeg","\N","100"
"463","\N","314","/uploads/products/556ad0d893637.jpeg","\N","100"
"464","\N","314","/uploads/products/556ad0d8a30b3.jpeg","\N","100"
"465","\N","315","/uploads/products/556ad11440422.jpeg","\N","100"
"466","\N","315","/uploads/products/556ad114416e4.jpeg","\N","100"
"467","\N","312","/uploads/products/556ad27228174.jpeg","\N","100"
"468","\N","312","/uploads/products/556ad272295b2.jpeg","\N","100"
"469","\N","312","/uploads/products/556ad27229df1.jpeg","\N","100"
"470","\N","312","/uploads/products/556ad2722a6aa.jpeg","\N","100"
"471","\N","325","/uploads/products/556b09f0ba884.jpeg","\N","100"
"472","\N","325","/uploads/products/556b09f0bbce9.jpeg","\N","100"
"473","\N","325","/uploads/products/556b09f0bca44.jpeg","\N","100"
"474","\N","325","/uploads/products/556b09f0bd642.jpeg","\N","100"
"530","\N","339","/uploads/products/557d5683b0d85.jpeg","\N","2"
"531","\N","340","/uploads/products/557d59050867a.jpeg","\N","100"
"476","\N","326","/uploads/products/557d2a41a0a0c.jpeg","\N","3"
"475","\N","326","/uploads/products/557d2a4199b0d.jpeg","\N","1"
"477","\N","326","/uploads/products/557d2a41a1dcf.jpeg","\N","2"
"478","\N","327","/uploads/products/557d452e5cc6d.jpeg","\N","100"
"479","\N","327","/uploads/products/557d452e5edd3.jpeg","\N","100"
"480","\N","327","/uploads/products/557d452e60184.jpeg","\N","100"
"481","\N","328","/uploads/products/557d4713f281a.jpeg","\N","100"
"482","\N","328","/uploads/products/557d4713f3eb0.jpeg","\N","100"
"483","\N","328","/uploads/products/557d471400bfd.jpeg","\N","100"
"484","\N","329","/uploads/products/557d475456f08.jpeg","\N","100"
"485","\N","329","/uploads/products/557d475457eba.jpeg","\N","100"
"486","\N","329","/uploads/products/557d475458b8c.jpeg","\N","100"
"487","\N","330","/uploads/products/557d48b72a2c8.jpeg","\N","100"
"488","\N","330","/uploads/products/557d48b72b4ef.jpeg","\N","100"
"489","\N","330","/uploads/products/557d48b72c032.jpeg","\N","100"
"490","\N","331","/uploads/products/557d48fd13c4f.jpeg","\N","100"
"491","\N","331","/uploads/products/557d48fd14d9a.jpeg","\N","100"
"492","\N","331","/uploads/products/557d48fd158c3.jpeg","\N","100"
"493","\N","332","/uploads/products/557d4a0875a55.jpeg","\N","100"
"494","\N","332","/uploads/products/557d4a0876efc.jpeg","\N","100"
"495","\N","332","/uploads/products/557d4a0877d1a.jpeg","\N","100"
"496","\N","332","/uploads/products/557d4a0878a31.jpeg","\N","100"
"497","\N","332","/uploads/products/557d4a087962a.jpeg","\N","100"
"498","\N","333","/uploads/products/557d4a8958d5f.jpeg","\N","100"
"499","\N","333","/uploads/products/557d4a895a47c.jpeg","\N","100"
"500","\N","333","/uploads/products/557d4a895b11c.jpeg","\N","100"
"501","\N","333","/uploads/products/557d4a895bdcc.jpeg","\N","100"
"502","\N","333","/uploads/products/557d4a895caa5.jpeg","\N","100"
"503","\N","334","/uploads/products/557d4ba50866e.jpeg","\N","100"
"504","\N","334","/uploads/products/557d4ba509b09.jpeg","\N","100"
"505","\N","334","/uploads/products/557d4ba50a7ef.jpeg","\N","100"
"506","\N","334","/uploads/products/557d4ba50b5e4.jpeg","\N","100"
"507","\N","334","/uploads/products/557d4ba50c35d.jpeg","\N","100"
"508","\N","335","/uploads/products/557d4be9391db.jpeg","\N","100"
"509","\N","335","/uploads/products/557d4be93a334.jpeg","\N","100"
"510","\N","335","/uploads/products/557d4be93b0ea.jpeg","\N","100"
"511","\N","335","/uploads/products/557d4be93bd76.jpeg","\N","100"
"512","\N","335","/uploads/products/557d4be93ca88.jpeg","\N","100"
"513","\N","336","/uploads/products/557d4e6a2ddbd.jpeg","\N","100"
"514","\N","336","/uploads/products/557d4e6a2f321.jpeg","\N","100"
"515","\N","336","/uploads/products/557d4e6a30033.jpeg","\N","100"
"516","\N","336","/uploads/products/557d4e6a30e0c.jpeg","\N","100"
"517","\N","337","/uploads/products/557d4eac112b7.jpeg","\N","100"
"518","\N","337","/uploads/products/557d4eac123ef.jpeg","\N","100"
"519","\N","337","/uploads/products/557d4eac131ae.jpeg","\N","100"
"520","\N","337","/uploads/products/557d4eac13edb.jpeg","\N","100"
"521","\N","338","/uploads/products/557d560c176d1.jpeg","\N","100"
"522","\N","338","/uploads/products/557d560c18b04.jpeg","\N","100"
"523","\N","338","/uploads/products/557d560c19697.jpeg","\N","100"
"524","\N","338","/uploads/products/557d560c1a1f1.jpeg","\N","100"
"525","\N","338","/uploads/products/557d560c1ae13.jpeg","\N","100"
"545","\N","343","/uploads/products/557d5a4bdfe4c.jpeg","\N","100"
"532","\N","340","/uploads/products/557d590509899.jpeg","\N","100"
"533","\N","340","/uploads/products/557d59050a42c.jpeg","\N","100"
"528","\N","339","/uploads/products/557d5683af83a.jpeg","\N","4"
"526","\N","339","/uploads/products/557d5683adc26.jpeg","\N","5"
"534","\N","340","/uploads/products/557d59050b041.jpeg","\N","100"
"529","\N","339","/uploads/products/557d5683b02b3.jpeg","\N","3"
"527","\N","339","/uploads/products/557d5683aec41.jpeg","\N","1"
"535","\N","340","/uploads/products/557d59050bbc2.jpeg","\N","100"
"536","\N","341","/uploads/products/557d595e7752a.jpeg","\N","100"
"537","\N","341","/uploads/products/557d595e795db.jpeg","\N","100"
"538","\N","341","/uploads/products/557d595e7ae39.jpeg","\N","100"
"539","\N","341","/uploads/products/557d595e7c55c.jpeg","\N","100"
"540","\N","341","/uploads/products/557d595e7dc5b.jpeg","\N","100"
"541","\N","342","/uploads/products/557d5a01dca96.jpeg","\N","100"
"542","\N","342","/uploads/products/557d5a01ddf1a.jpeg","\N","100"
"543","\N","342","/uploads/products/557d5a01dec55.jpeg","\N","100"
"544","\N","342","/uploads/products/557d5a01df8fa.jpeg","\N","100"
"546","\N","343","/uploads/products/557d5a4be10a9.jpeg","\N","100"
"547","\N","343","/uploads/products/557d5a4be1cb7.jpeg","\N","100"
"548","\N","343","/uploads/products/557d5a4be2801.jpeg","\N","100"
"549","14","\N","/uploads/vendors/5597f120a9621.png","\N","100"
"550","\N","344","/uploads/products/5597f2d5ce4e3.jpeg","\N","100"
"551","\N","344","/uploads/products/5597f2d5cf607.jpeg","\N","100"
"552","\N","345","/uploads/products/5597f66e280ce.jpeg","\N","100"
"553","\N","346","/uploads/products/559d71a334980.jpeg","\N","100"
"554","\N","347","/uploads/products/559d7241e0dda.jpeg","\N","100"
"555","\N","348","/uploads/products/55a1276ff1878.jpeg","\N","100"
"556","15","\N","/uploads/vendors/55a1281b2970e.jpeg","\N","100"
"557","\N","349","/uploads/products/55a12a5a7da12.jpeg","\N","100"
"558","\N","350","/uploads/products/55a12c2304fde.jpeg","\N","100"
"559","\N","351","/uploads/products/55a12e96dbf09.jpeg","\N","100"
"560","\N","352","/uploads/products/55abba2b3ec1b.jpeg","\N","100"
"561","\N","353","/uploads/products/55abbce979d9d.jpeg","\N","100"
"562","\N","354","/uploads/products/55abbe3c6660a.jpeg","\N","100"
"563","\N","355","/uploads/products/55abbfefaa243.jpeg","\N","100"
"564","\N","356","/uploads/products/55b33f7ba091f.jpeg","\N","100"
"565","\N","357","/uploads/products/55b343537e047.jpeg","\N","100"
"566","\N","358","/uploads/products/55b345b50276a.jpeg","\N","100"
"567","\N","359","/uploads/products/55b3d5551688d.jpeg","\N","100"
"568","\N","360","/uploads/products/55b3d74abf7ef.jpeg","\N","100"
"569","\N","193","/uploads/products/55b4a63500248.jpeg","\N","1"
"570","\N","361","/uploads/products/55b4dcfb13747.jpeg","\N","100"
"571","\N","362","/uploads/products/55b4dd943bf53.jpeg","\N","100"
"572","\N","363","/uploads/products/55b4de4e8e8bb.jpeg","\N","100"
"573","\N","364","/uploads/products/55b4deedc51a0.jpeg","\N","100"
"574","\N","365","/uploads/products/55b4dfbb72595.jpeg","\N","100"
"575","\N","366","/uploads/products/55b4f4ce77bfc.jpeg","\N","100"
"576","\N","367","/uploads/products/55b4f51f53eae.jpeg","\N","100"
"577","\N","368","/uploads/products/55be2fff20388.jpeg","\N","100"
"578","\N","369","/uploads/products/55be330bd46d6.jpeg","\N","100"
"579","\N","370","/uploads/products/55be3502aa464.jpeg","\N","100"
"580","\N","370","/uploads/products/55be3502ab624.jpeg","\N","100"
"581","\N","370","/uploads/products/55be3502ac3f5.jpeg","\N","100"
"582","\N","371","/uploads/products/55be397c03a8e.jpeg","\N","100"
"583","\N","371","/uploads/products/55be397c04c86.jpeg","\N","100"
"584","\N","371","/uploads/products/55be397c05f17.jpeg","\N","100"
"585","\N","372","/uploads/products/55be3b8ecaeb3.jpeg","\N","100"
"586","\N","373","/uploads/products/55be3c95c2d86.jpeg","\N","100"
"587","16","\N","/uploads/vendors/55c4c0d7cde4b.png","\N","100"
"588","\N","374","/uploads/products/55c6e5a7f330e.jpeg","\N","100"
"589","\N","375","/uploads/products/55c6e6c6483f1.jpeg","\N","100"
"590","\N","376","/uploads/products/55c6e95231939.jpeg","\N","100"
"591","\N","377","/uploads/products/55c6eae4bbcd8.jpeg","\N","100"
"592","\N","378","/uploads/products/55c6ebc0649f0.jpeg","\N","100"
"593","\N","379","/uploads/products/55c6ee4fe8f6d.jpeg","\N","100"
"595","\N","199","/uploads/products/55c6ef8a61544.jpeg","\N","1"
"596","\N","380","/uploads/products/55c8f75163a53.jpeg","\N","100"
"598","\N","381","/uploads/products/55ca51f0f1042.jpeg","\N","100"
"599","\N","381","/uploads/products/55ca5246c9560.jpeg","\N","100"
"600","\N","382","/uploads/products/55d095da04e78.jpeg","\N","100"
"601","\N","383","/uploads/products/55d0963c47012.jpeg","\N","100"
"602","\N","384","/uploads/products/55d0968d7cf95.jpeg","\N","100"
"603","\N","385","/uploads/products/55d096e572aa5.jpeg","\N","100"
"604","\N","386","/uploads/products/55d0972d69e98.jpeg","\N","100"
"605","\N","387","/uploads/products/55d09a250cba9.jpeg","\N","100"
"606","\N","388","/uploads/products/55d09ab7b5486.jpeg","\N","100"
"607","\N","389","/uploads/products/55d09b344677a.jpeg","\N","100"
"608","\N","390","/uploads/products/55d09e1d0ee8e.jpeg","\N","100"
"609","\N","391","/uploads/products/55d09f7c585f5.jpeg","\N","100"
"610","\N","190","/uploads/products/55d0a05d1e692.jpeg","\N","1"
"611","\N","392","/uploads/products/55d0a0ddac270.jpeg","\N","100"
"612","\N","393","/uploads/products/55d0a1dd15e95.jpeg","\N","100"
"613","\N","394","/uploads/products/55d0a3e150026.jpeg","\N","100"
"614","\N","395","/uploads/products/55d0a4d894e5c.jpeg","\N","100"
"615","\N","396","/uploads/products/55d0a5400372b.jpeg","\N","100"
"616","\N","397","/uploads/products/55ec3f889a528.jpeg","\N","100"
"617","\N","397","/uploads/products/55ec4040664f1.jpeg","\N","100"
"618","\N","398","/uploads/products/55ec42de8ec88.jpeg","\N","100"
"619","\N","398","/uploads/products/55ec42de90611.png","\N","100"
"620","\N","399","/uploads/products/55ec437cdb8b7.jpeg","\N","100"
"621","\N","400","/uploads/products/55ec45a816d3c.jpeg","\N","100"
"622","\N","401","/uploads/products/55ec45e9be0ef.jpeg","\N","100"
"623","\N","402","/uploads/products/55ec785a6de60.jpeg","\N","100"
"624","\N","403","/uploads/products/55ec799e577d6.jpeg","\N","100"
"625","\N","403","/uploads/products/55ec799e5887e.jpeg","\N","100"
"626","\N","404","/uploads/products/55f44ad347853.jpeg","\N","100"
"627","\N","405","/uploads/products/55f44b74c1b6f.jpeg","\N","100"
"628","\N","405","/uploads/products/55f44b74c2fa8.jpeg","\N","100"
"629","\N","406","/uploads/products/55f44cc5666aa.jpeg","\N","100"
"630","\N","406","/uploads/products/55f44cc568979.jpeg","\N","100"
"631","\N","407","/uploads/products/55f593e528015.jpeg","\N","100"
"632","\N","407","/uploads/products/55f593e529c0b.jpeg","\N","100"
"633","\N","408","/uploads/products/55f5954d58b32.jpeg","\N","100"
"634","\N","408","/uploads/products/55f5954d59e9e.jpeg","\N","100"
"635","\N","409","/uploads/products/55f597047e24d.jpeg","\N","100"
"636","\N","409","/uploads/products/55f597047f437.jpeg","\N","100"
"637","\N","410","/uploads/products/55f5984a6e75c.jpeg","\N","100"
"638","\N","410","/uploads/products/55f5984a6f7bd.jpeg","\N","100"
"639","\N","411","/uploads/products/55f599f3ddafc.jpeg","\N","100"
"640","\N","412","/uploads/products/55f59bbc46143.jpeg","\N","100"
"641","\N","413","/uploads/products/55f59cedcb348.jpeg","\N","100"
"642","\N","413","/uploads/products/55f59cedcc5d0.jpeg","\N","100"
"643","\N","413","/uploads/products/55f59cedcd0f4.jpeg","\N","100"
"644","\N","413","/uploads/products/55f59cedcdd76.jpeg","\N","100"
"648","\N","415","/uploads/products/55f5a0da423cb.jpeg","\N","100"
"649","\N","415","/uploads/products/55f5a0da43668.jpeg","\N","100"
"650","\N","416","/uploads/products/55f5a1f9aeb09.jpeg","\N","100"
"646","\N","414","/uploads/products/55f59eab01b4c.jpeg","\N","3"
"645","\N","414","/uploads/products/55f59eab0085a.jpeg","\N","1"
"651","\N","417","/uploads/products/55f5a48ebb15b.jpeg","\N","100"
"652","\N","417","/uploads/products/55f5a48ec2bce.jpeg","\N","100"
"653","\N","417","/uploads/products/55f5a48ec4212.jpeg","\N","100"
"654","\N","418","/uploads/products/55f5a52b92d12.jpeg","\N","100"
"655","\N","419","/uploads/products/5600148ac2817.jpeg","\N","100"
"657","\N","419","/uploads/products/5600162d2a4a8.jpeg","\N","100"
"658","\N","420","/uploads/products/560019199a105.jpeg","\N","100"
"659","\N","420","/uploads/products/560019199b2df.jpeg","\N","100"
"660","\N","421","/uploads/products/56001b876263d.jpeg","\N","100"
"661","\N","422","/uploads/products/56001d3a4057f.jpeg","\N","100"
"662","\N","423","/uploads/products/56001daab82ec.jpeg","\N","100"
"663","\N","424","/uploads/products/56003f2e63ad1.jpeg","\N","100"
"664","\N","425","/uploads/products/56004021f064d.jpeg","\N","100"
"665","\N","426","/uploads/products/560040a5a3c87.jpeg","\N","100"
"666","\N","427","/uploads/products/56004a6bf0ea2.jpeg","\N","100"
"667","\N","428","/uploads/products/56004f29500cf.jpeg","\N","100"
"668","\N","429","/uploads/products/5602bd8c2ca88.jpeg","\N","100"
"669","\N","430","/uploads/products/5602be4cd5039.jpeg","\N","100"
"670","\N","430","/uploads/products/5602bf28c6af6.png","\N","100"
"671","\N","431","/uploads/products/5602bffe230ed.jpeg","\N","100"
"672","\N","432","/uploads/products/5602c09ec990e.jpeg","\N","100"
"673","\N","432","/uploads/products/5602c09eca8eb.png","\N","100"
"674","\N","433","/uploads/products/5602f103bcd11.jpeg","\N","100"
"675","\N","434","/uploads/products/5602f1d16f381.jpeg","\N","100"
"676","\N","435","/uploads/products/5602f2b130b0e.jpeg","\N","100"
"677","\N","436","/uploads/products/5602f3b5f3dfc.jpeg","\N","100"
"678","\N","437","/uploads/products/5602f463bb991.jpeg","\N","100"
"679","\N","438","/uploads/products/5602f7170e38d.jpeg","\N","100"
"680","\N","439","/uploads/products/5603b9a7e9e70.jpeg","\N","100"
"681","\N","440","/uploads/products/5603b9ca1aeae.jpeg","\N","100"
"682","\N","441","/uploads/products/5603ba3de406b.jpeg","\N","100"
"683","\N","442","/uploads/products/5603ba6c9e7f2.jpeg","\N","100"
"647","\N","414","/uploads/products/55f59eab0286f.jpeg","\N","2"
"684","17","\N","/uploads/vendors/562b9c0e715be.svg","\N","100"
"687","\N","444","/uploads/products/562b9f47bcbef.jpeg","\N","100"
"688","\N","444","/uploads/products/562b9f47c0731.jpeg","\N","100"
"689","\N","445","/uploads/products/562ba05198052.jpeg","\N","100"
"690","\N","445","/uploads/products/562ba0519a742.jpeg","\N","100"
"691","\N","446","/uploads/products/562ba10bd5dcd.jpeg","\N","100"
"692","\N","446","/uploads/products/562ba10bd775c.jpeg","\N","100"
"693","\N","447","/uploads/products/562ba22118434.jpeg","\N","100"
"694","\N","447","/uploads/products/562ba2211a38b.jpeg","\N","100"
"695","\N","448","/uploads/products/562ba3787f023.jpeg","\N","100"
"696","\N","448","/uploads/products/562ba37880e09.jpeg","\N","100"
"697","\N","443","/uploads/products/562ba41f56b8c.jpeg","\N","100"
"698","\N","443","/uploads/products/562ba41f58ae0.jpeg","\N","100"
"699","\N","449","/uploads/products/562bae339a1bd.jpeg","\N","100"
"700","18","\N","/uploads/vendors/562d0eb9185b4.png","\N","100"
"701","\N","450","/uploads/products/562d119e8dd4f.jpeg","\N","100"
"702","\N","451","/uploads/products/562d1230b1836.jpeg","\N","100"
"704","\N","453","/uploads/products/562d139955fa9.jpeg","\N","100"
"705","\N","454","/uploads/products/562d14053f4ab.jpeg","\N","100"
"707","\N","452","/uploads/products/562d151ed0a01.png","\N","100"
"708","\N","455","/uploads/products/562e64ce94057.jpeg","\N","100"
"709","\N","455","/uploads/products/562e64ce960a8.jpeg","\N","100"
"710","\N","455","/uploads/products/562e64ce96ead.jpeg","\N","100"
"711","\N","455","/uploads/products/562e64ce97bf6.jpeg","\N","100"
"712","\N","456","/uploads/products/562e66221e93b.png","\N","100"
"713","\N","456","/uploads/products/562e6622214f6.jpeg","\N","100"
"714","\N","457","/uploads/products/562e67081e1fc.png","\N","100"
"715","\N","457","/uploads/products/562e67081ff82.png","\N","100"
"716","\N","458","/uploads/products/562e680b7021c.png","\N","100"
"717","\N","458","/uploads/products/562e680b720c4.png","\N","100"
"718","\N","459","/uploads/products/563a1650e8072.jpeg","\N","100"
"719","\N","460","/uploads/products/563a171b8fbbf.jpeg","\N","100"
"720","\N","461","/uploads/products/563a17d20f60e.jpeg","\N","100"
"721","\N","462","/uploads/products/563a1882ca9fd.jpeg","\N","100"
"722","\N","463","/uploads/products/563a191243dd9.jpeg","\N","100"
"723","\N","464","/uploads/products/563a1b8aeab68.png","\N","100"
"724","\N","465","/uploads/products/563a1c7d0393a.png","\N","100"
"725","\N","466","/uploads/products/563a24fc9b4e2.jpeg","\N","100"
"726","\N","467","/uploads/products/563a257c4ccca.png","\N","100"
"727","\N","468","/uploads/products/563a265154219.jpeg","\N","100"
"728","\N","468","/uploads/products/563a265155fa8.jpeg","\N","100"
"729","\N","469","/uploads/products/563a26bb78ef9.png","\N","100"
"730","\N","470","/uploads/products/563a27993516a.jpeg","\N","100"
"731","\N","471","/uploads/products/563b8fc9de470.jpeg","\N","100"
"732","\N","472","/uploads/products/563b91f42a09c.jpeg","\N","100"
"733","\N","473","/uploads/products/563eede644c50.jpeg","\N","100"
"734","\N","473","/uploads/products/563eede64790c.jpeg","\N","100"
"735","\N","474","/uploads/products/563ef041f0890.jpeg","\N","100"
"736","\N","474","/uploads/products/563ef041f2904.jpeg","\N","100"
"737","\N","475","/uploads/products/563ef260c1b93.jpeg","\N","100"
"738","\N","475","/uploads/products/563ef260c35e8.jpeg","\N","100"
"739","\N","476","/uploads/products/563ef2b9ac26c.jpeg","\N","100"
"742","\N","478","/uploads/products/563ef4129ed1a.jpeg","\N","1"
"743","\N","478","/uploads/products/563ef412a1671.jpeg","\N","2"
"740","\N","477","/uploads/products/563ef3b1b02cc.jpeg","\N","1"
"741","\N","477","/uploads/products/563ef3b1b1bfe.jpeg","\N","2"
"744","\N","479","/uploads/products/563ef6ced76f7.jpeg","\N","100"
"745","\N","480","/uploads/products/563ef7847bf9f.jpeg","\N","100"
"746","\N","480","/uploads/products/563ef7847e53d.jpeg","\N","100"
"747","\N","481","/uploads/products/563ef7c63d75f.jpeg","\N","100"
"748","\N","481","/uploads/products/563ef7c6402e5.jpeg","\N","100"
"749","\N","482","/uploads/products/563efa00b6408.jpeg","\N","100"
"750","\N","482","/uploads/products/563efa00b802c.jpeg","\N","100"
"751","\N","483","/uploads/products/563efa66bc0d2.jpeg","\N","100"
"752","\N","483","/uploads/products/563efa66bdac2.jpeg","\N","100"
"753","\N","484","/uploads/products/563efab055ead.jpeg","\N","100"
"754","\N","485","/uploads/products/563f090d6280b.jpeg","\N","100"
"755","\N","485","/uploads/products/563f090d64ec8.jpeg","\N","100"
"756","\N","486","/uploads/products/563f0964b7563.jpeg","\N","100"
"757","\N","486","/uploads/products/563f0964b92c2.jpeg","\N","100"
"758","\N","487","/uploads/products/563f09a08c3b9.jpeg","\N","100"
"759","\N","487","/uploads/products/563f09a08dbe7.jpeg","\N","100"
"762","\N","489","/uploads/products/563f0afbb5034.jpeg","\N","100"
"763","\N","489","/uploads/products/563f0afbb6850.jpeg","\N","100"
"764","\N","490","/uploads/products/563f0b3682eac.jpeg","\N","100"
"760","\N","488","/uploads/products/563f0ab6f3d48.jpeg","\N","1"
"761","\N","488","/uploads/products/563f0ab7014f6.jpeg","\N","2"
"765","\N","491","/uploads/products/563f0e373b9c0.jpeg","\N","100"
"766","\N","492","/uploads/products/563f0e7a3bfdc.jpeg","\N","100"
"767","\N","493","/uploads/products/563f0ea87c570.jpeg","\N","100"
"768","\N","494","/uploads/products/563f11ff759ee.jpeg","\N","100"
"769","\N","495","/uploads/products/563f124456c03.jpeg","\N","100"
"770","\N","495","/uploads/products/563f1244588a2.jpeg","\N","100"
"771","\N","496","/uploads/products/563f12947a95e.jpeg","\N","100"
"772","\N","497","/uploads/products/563f9d394020f.jpeg","\N","100"
"773","\N","498","/uploads/products/563f9d8115110.jpeg","\N","100"
"774","\N","499","/uploads/products/563f9ddc2a582.jpeg","\N","100"
"775","\N","500","/uploads/products/56423c00706d7.jpeg","\N","100"
"776","\N","501","/uploads/products/56423c74ad9a7.jpeg","\N","100"
"779","\N","502","/uploads/products/56423f5eb3481.jpeg","\N","100"
"780","\N","503","/uploads/products/564769e22161a.jpeg","\N","100"
"781","\N","504","/uploads/products/56476aab4d542.jpeg","\N","100"
"782","\N","505","/uploads/products/56476ba95d0af.jpeg","\N","100"
"783","\N","506","/uploads/products/56476cbfdc6a3.jpeg","\N","100"
"784","\N","507","/uploads/products/56477241ce178.jpeg","\N","100"
"785","\N","508","/uploads/products/564772abb50c0.jpeg","\N","100"
"786","\N","509","/uploads/products/5647736e6ea3d.jpeg","\N","100"
"787","\N","510","/uploads/products/564773cb9277a.jpeg","\N","100"
"790","\N","512","/uploads/products/565b1d0a7466b.jpeg","\N","100"
"791","\N","512","/uploads/products/565b1d0a759d9.jpeg","\N","100"
"792","19","\N","/uploads/vendors/565b238b0e16b.jpeg","\N","100"
"793","\N","513","/uploads/products/565b2432a4e97.jpeg","\N","100"
"794","\N","513","/uploads/products/565b2432a617e.jpeg","\N","100"
"795","\N","514","/uploads/products/565b24b0e70a0.jpeg","\N","100"
"796","\N","514","/uploads/products/565b24b0e86e4.jpeg","\N","100"
"797","\N","514","/uploads/products/565b24b0e9784.jpeg","\N","100"
"798","\N","514","/uploads/products/565b24b0ea903.jpeg","\N","100"
"799","\N","515","/uploads/products/565b252c7b65a.jpeg","\N","100"
"800","\N","516","/uploads/products/565b25aa4a53c.jpeg","\N","100"
"801","\N","516","/uploads/products/565b25aa4b9fe.jpeg","\N","100"
"802","\N","516","/uploads/products/565b25aa4c9b4.jpeg","\N","100"
"803","\N","517","/uploads/products/565b26258efe5.jpeg","\N","100"
"804","\N","517","/uploads/products/565b26259028f.jpeg","\N","100"
"805","\N","518","/uploads/products/565b26aacb0c0.jpeg","\N","100"
"806","\N","519","/uploads/products/565b271f75aa2.jpeg","\N","100"
"807","\N","519","/uploads/products/565b271f76de0.jpeg","\N","100"
"808","\N","520","/uploads/products/565b27de0c504.jpeg","\N","100"
"809","\N","520","/uploads/products/565b27de0db15.jpeg","\N","100"
"810","\N","520","/uploads/products/565b27de0eb6e.jpeg","\N","100"
"811","\N","521","/uploads/products/565b2868e8dc5.jpeg","\N","100"
"812","\N","521","/uploads/products/565b2868eb315.jpeg","\N","100"
"813","\N","522","/uploads/products/565b29530e33c.jpeg","\N","100"
"814","\N","522","/uploads/products/565b29530f9ba.jpeg","\N","100"
"815","\N","523","/uploads/products/565b29a46865c.jpeg","\N","100"
"816","\N","523","/uploads/products/565b29a4699eb.jpeg","\N","100"
"817","\N","524","/uploads/products/568d38c380947.jpeg","\N","100"
"818","\N","525","/uploads/products/568d3960dd9cf.jpeg","\N","100"
"819","\N","526","/uploads/products/568d39b183da3.jpeg","\N","100"
"820","\N","527","/uploads/products/568d3abef3813.jpeg","\N","100"
"821","\N","528","/uploads/products/568d3b0abb561.jpeg","\N","100"
"822","\N","529","/uploads/products/568d3f0c0670b.jpeg","\N","100"
"823","\N","530","/uploads/products/568d3f63d3211.jpeg","\N","100"
"824","\N","531","/uploads/products/56be20c7b773f.jpeg","\N","100"
"826","\N","533","/uploads/products/56bf55a5472fe.jpeg","\N","1"
"829","\N","533","/uploads/products/56bf5b38cc1a4.jpeg","\N","2"
"827","\N","534","/uploads/products/56bf560a63027.jpeg","\N","1"
"831","\N","534","/uploads/products/56bf5ba0f2a81.jpeg","\N","2"
"828","\N","535","/uploads/products/56bf565d9a986.jpeg","\N","1"
"830","\N","535","/uploads/products/56bf5b7b859c6.jpeg","\N","2"
"825","\N","532","/uploads/products/56bf551011951.jpeg","\N","1"
"832","\N","532","/uploads/products/56bf5c1ca8f73.jpeg","\N","2"
"833","\N","536","/uploads/products/56c9702f1ed79.jpeg","\N","100"
"834","\N","536","/uploads/products/56c9702f2bfec.jpeg","\N","100"
"835","\N","537","/uploads/products/56c971857088a.jpeg","\N","100"
"836","\N","538","/uploads/products/56c97338442f4.jpeg","\N","100"
"837","\N","538","/uploads/products/56c973384677e.jpeg","\N","100"
"838","\N","539","/uploads/products/56c97450402c9.jpeg","\N","100"
"839","\N","540","/uploads/products/56c975f1e798f.jpeg","\N","100"
"840","\N","540","/uploads/products/56c975f1e9116.jpeg","\N","100"
"841","\N","541","/uploads/products/56c98913a5c17.jpeg","\N","1"
"842","\N","541","/uploads/products/56c98913a7189.jpeg","\N","2"
"843","\N","542","/uploads/products/56c98a21685e3.jpeg","\N","100"
"844","\N","543","/uploads/products/56c9e30cb3451.jpeg","\N","100"
"845","\N","543","/uploads/products/56c9e30cb4b35.jpeg","\N","100"
"846","\N","544","/uploads/products/56c9e3889f1d8.jpeg","\N","100"
"847","\N","545","/uploads/products/56c9e49b25f3b.png","\N","100"
"848","\N","545","/uploads/products/56c9e49b273ca.jpeg","\N","100"
"849","\N","546","/uploads/products/56c9e5f5e1194.jpeg","\N","100"
"850","\N","547","/uploads/products/56cabeb86aeaf.jpeg","\N","100"
"851","\N","547","/uploads/products/56cabeb86ca01.jpeg","\N","100"
"852","\N","547","/uploads/products/56cabeb86dce7.jpeg","\N","100"
"853","\N","547","/uploads/products/56cabeb86f025.jpeg","\N","100"
"854","\N","547","/uploads/products/56cabeb871819.jpeg","\N","100"
"855","\N","547","/uploads/products/56cabeb873c8c.jpeg","\N","100"
"856","\N","547","/uploads/products/56cabeb875936.jpeg","\N","100"
"857","\N","547","/uploads/products/56cabeb876acb.jpeg","\N","100"
"858","\N","547","/uploads/products/56cabecb69746.jpeg","\N","100"
"859","\N","548","/uploads/products/56cac07704cb6.jpeg","\N","100"
"860","\N","548","/uploads/products/56cac077065b1.jpeg","\N","100"
"861","\N","549","/uploads/products/56cac0837900b.jpeg","\N","100"
"862","\N","549","/uploads/products/56cac0837a4f2.jpeg","\N","100"
"863","\N","550","/uploads/products/56cac20452f8f.jpeg","\N","100"
"864","\N","550","/uploads/products/56cac2045473f.jpeg","\N","100"
"865","\N","551","/uploads/products/56cac298a24e5.jpeg","\N","100"
"866","\N","551","/uploads/products/56cac298a3c9b.jpeg","\N","100"
"867","\N","552","/uploads/products/56cac382924ab.jpeg","\N","100"
"868","\N","553","/uploads/products/56cac55cb30f3.jpeg","\N","100"
"869","\N","553","/uploads/products/56cac55cb4937.jpeg","\N","100"
"870","\N","554","/uploads/products/56cac5ca46fde.jpeg","\N","100"
"871","\N","555","/uploads/products/56cac69acc06f.jpeg","\N","100"
"872","\N","555","/uploads/products/56cac69acd84c.jpeg","\N","100"
"873","\N","556","/uploads/products/56cac76e9cb78.jpeg","\N","100"
"874","\N","556","/uploads/products/56cac76e9e267.jpeg","\N","100"
"876","\N","557","/uploads/products/56cac85f5b8ce.jpeg","\N","100"
"933","\N","583","/uploads/products/56d1a23ab6d11.jpeg","\N","100"
"934","\N","584","/uploads/products/56d1a2938e158.jpeg","\N","100"
"935","\N","584","/uploads/products/56d1a2938f7ae.jpeg","\N","100"
"878","\N","559","/uploads/products/56cc2413ee670.jpeg","\N","100"
"879","\N","560","/uploads/products/56cc244eea827.jpeg","\N","100"
"880","\N","561","/uploads/products/56cc2803c672b.png","\N","100"
"881","\N","562","/uploads/products/56cc28a12c110.jpeg","\N","100"
"882","\N","563","/uploads/products/56cc29022f529.jpeg","\N","100"
"883","\N","564","/uploads/products/56cc296eb6fd4.jpeg","\N","100"
"884","\N","565","/uploads/products/56cc2a1df1b13.jpeg","\N","100"
"885","\N","566","/uploads/products/56cc2a7036196.jpeg","\N","100"
"886","\N","567","/uploads/products/56cc2aff241a9.jpeg","\N","100"
"887","\N","568","/uploads/products/56cc2b690c4fe.jpeg","\N","100"
"888","\N","569","/uploads/products/56cc2c015e517.jpeg","\N","100"
"889","\N","570","/uploads/products/56cc2ca58cd11.jpeg","\N","100"
"890","\N","571","/uploads/products/56cc2d277658b.jpeg","\N","100"
"891","\N","572","/uploads/products/56cc2dea5b4f4.jpeg","\N","100"
"892","\N","573","/uploads/products/56cc2ead30004.jpeg","\N","100"
"893","\N","573","/uploads/products/56cc2ead31927.jpeg","\N","100"
"894","\N","573","/uploads/products/56cc2ead32c9d.jpeg","\N","100"
"895","\N","574","/uploads/products/56cc2f3970009.jpeg","\N","100"
"896","\N","575","/uploads/products/56cc2f7b4d802.jpeg","\N","100"
"897","\N","576","/uploads/products/56cc2feb843a6.jpeg","\N","100"
"898","\N","577","/uploads/products/56cc307a8f18f.jpeg","\N","100"
"899","\N","578","/uploads/products/56cc325927f6b.png","\N","100"
"912","\N","246","/uploads/products/56d16dc2d7d1f.jpeg","\N","4"
"913","\N","246","/uploads/products/56d16dc2d993d.jpeg","\N","1"
"901","\N","251","/uploads/products/56d1698b8fc0b.jpeg","\N","4"
"902","\N","251","/uploads/products/56d1698b903ac.jpeg","\N","3"
"900","\N","251","/uploads/products/56d1698b8e76c.jpeg","\N","1"
"904","\N","250","/uploads/products/56d16a6d3a436.jpeg","\N","6"
"917","\N","245","/uploads/products/56d16ea6c1ef6.jpeg","\N","1"
"905","\N","250","/uploads/products/56d16a6d3acbc.jpeg","\N","5"
"916","\N","245","/uploads/products/56d16ea6c17b0.jpeg","\N","3"
"906","\N","250","/uploads/products/56d16a6d3b3b8.jpeg","\N","4"
"915","\N","245","/uploads/products/56d16ea6c1017.jpeg","\N","4"
"903","\N","250","/uploads/products/56d16a6d38f7c.jpeg","\N","1"
"908","\N","249","/uploads/products/56d16b6e5a7a7.jpeg","\N","1"
"907","\N","249","/uploads/products/56d16b6e59465.jpeg","\N","3"
"909","\N","248","/uploads/products/56d16bf928502.jpeg","\N","1"
"914","\N","245","/uploads/products/56d16ea6bfc2d.jpeg","\N","5"
"911","\N","247","/uploads/products/56d16c8d52d2e.jpeg","\N","3"
"910","\N","247","/uploads/products/56d16c8d519d2.jpeg","\N","1"
"919","\N","134","/uploads/products/56d16f340190f.jpeg","\N","100"
"920","\N","134","/uploads/products/56d16f34020d5.jpeg","\N","100"
"921","\N","579","/uploads/products/56d171a83465d.jpeg","\N","100"
"922","\N","579","/uploads/products/56d171a835eca.jpeg","\N","100"
"923","\N","579","/uploads/products/56d171a836f6a.jpeg","\N","100"
"924","\N","579","/uploads/products/56d171a837f2e.jpeg","\N","100"
"925","\N","579","/uploads/products/56d171a838f44.jpeg","\N","100"
"926","\N","580","/uploads/products/56d19df0d0972.jpeg","\N","100"
"927","\N","580","/uploads/products/56d19df0d21c9.jpeg","\N","100"
"928","\N","580","/uploads/products/56d19df0d3250.jpeg","\N","100"
"929","\N","581","/uploads/products/56d19e4134991.jpeg","\N","100"
"930","\N","581","/uploads/products/56d19e4135f6e.jpeg","\N","100"
"931","\N","581","/uploads/products/56d19e4136f63.jpeg","\N","100"
"932","\N","582","/uploads/products/56d19e946b721.jpeg","\N","100"
"936","\N","585","/uploads/products/56d1a2f0e08d5.jpeg","\N","100"
"937","\N","585","/uploads/products/56d1a2f0e271f.jpeg","\N","100"
"938","\N","586","/uploads/products/56d1a4745281c.jpeg","\N","100"
"939","\N","586","/uploads/products/56d1a47454110.jpeg","\N","100"
"940","\N","587","/uploads/products/56d1a4e9a997e.jpeg","\N","100"
"941","\N","587","/uploads/products/56d1a4e9aaaa1.jpeg","\N","100"
"942","\N","587","/uploads/products/56d1a4e9ab217.jpeg","\N","100"
"943","\N","588","/uploads/products/56dafcfc9bc0c.jpeg","\N","100"
"944","\N","589","/uploads/products/56dafe02b8938.jpeg","\N","100"
"945","\N","590","/uploads/products/56dafed89565e.jpeg","\N","100"
"946","\N","591","/uploads/products/56db03c4656e7.jpeg","\N","100"
"947","\N","592","/uploads/products/56db0432a4648.jpeg","\N","100"
"948","\N","593","/uploads/products/56db04cf6a8ee.jpeg","\N","100"
"949","\N","594","/uploads/products/56dc55647b649.jpeg","\N","100"
"950","\N","595","/uploads/products/56dc568b9c703.jpeg","\N","100"
"951","\N","596","/uploads/products/56dc576bd62cf.jpeg","\N","100"
"952","\N","597","/uploads/products/56dc580772f8a.jpeg","\N","100"
"953","\N","598","/uploads/products/56dc58aea6bbd.jpeg","\N","100"
"954","\N","599","/uploads/products/56dc591b694a2.jpeg","\N","100"
"955","\N","600","/uploads/products/56ff8191114f1.jpeg","\N","100"
"956","\N","600","/uploads/products/56ff81911ec1e.jpeg","\N","100"
"957","\N","600","/uploads/products/56ff819120a7e.jpeg","\N","100"
"958","\N","600","/uploads/products/56ff81912282d.jpeg","\N","100"
"959","\N","600","/uploads/products/56ff819123900.jpeg","\N","100"
"960","\N","601","/uploads/products/56ff829fd4aa0.jpeg","\N","100"
"961","\N","601","/uploads/products/56ff829fd640c.jpeg","\N","100"
"962","\N","601","/uploads/products/56ff829fd75ae.jpeg","\N","100"
"963","\N","601","/uploads/products/56ff829fd86f3.jpeg","\N","100"
"964","\N","601","/uploads/products/56ff829fd985b.jpeg","\N","100"
"965","\N","601","/uploads/products/56ff829fda931.jpeg","\N","100"
"966","\N","601","/uploads/products/56ff829fdbacd.jpeg","\N","100"
"967","\N","601","/uploads/products/56ff829fdcc04.jpeg","\N","100"
"968","\N","601","/uploads/products/56ff829fddd6a.jpeg","\N","100"
"969","\N","601","/uploads/products/56ff829fdee81.jpeg","\N","100"
"970","\N","602","/uploads/products/56ff82de87f89.jpeg","\N","100"
"971","\N","602","/uploads/products/56ff82de897fa.jpeg","\N","100"
"972","\N","602","/uploads/products/56ff82de8aa8e.jpeg","\N","100"
"973","\N","602","/uploads/products/56ff82de8bcec.jpeg","\N","100"
"974","\N","602","/uploads/products/56ff82de8cef8.jpeg","\N","100"
"975","\N","602","/uploads/products/56ff82de8e322.jpeg","\N","100"
"976","\N","603","/uploads/products/56ff84587251c.jpeg","\N","100"
"977","\N","603","/uploads/products/56ff845873f59.jpeg","\N","100"
"978","\N","603","/uploads/products/56ff84587528e.jpeg","\N","100"
"979","\N","603","/uploads/products/56ff8458764db.jpeg","\N","100"
"980","\N","603","/uploads/products/56ff845877763.jpeg","\N","100"
"981","\N","603","/uploads/products/56ff8458789dd.jpeg","\N","100"
"982","\N","603","/uploads/products/56ff845879bda.jpeg","\N","100"
"983","\N","604","/uploads/products/56ff85df446b3.jpeg","\N","100"
"984","\N","604","/uploads/products/56ff85df46102.jpeg","\N","100"
"985","\N","604","/uploads/products/56ff85df47250.jpeg","\N","100"
"986","\N","604","/uploads/products/56ff85df4839b.jpeg","\N","100"
"987","\N","604","/uploads/products/56ff85df495ee.jpeg","\N","100"
"988","\N","605","/uploads/products/56ff867797065.jpeg","\N","100"
"989","\N","605","/uploads/products/56ff8677984fb.jpeg","\N","100"
"990","\N","605","/uploads/products/56ff867799621.jpeg","\N","100"
"991","\N","605","/uploads/products/56ff86779b11f.jpeg","\N","100"
"992","\N","606","/uploads/products/56ff86eb6200b.jpeg","\N","100"
"993","\N","606","/uploads/products/56ff86eb63479.jpeg","\N","100"
"994","\N","606","/uploads/products/56ff86eb642cc.jpeg","\N","100"
"995","\N","607","/uploads/products/56ff87066269e.jpeg","\N","100"
"996","\N","608","/uploads/products/56fffc5bb82af.jpeg","\N","100"
"997","\N","609","/uploads/products/56fffc8c3ac60.jpeg","\N","100"
"998","\N","609","/uploads/products/56fffc8c3dbae.jpeg","\N","100"
"999","\N","609","/uploads/products/56fffc8c3f1d8.jpeg","\N","100"
"1000","\N","610","/uploads/products/56fffcf6c2def.jpeg","\N","100"
"1001","\N","611","/uploads/products/56fffdd7141d5.jpeg","\N","100"
"1002","\N","612","/uploads/products/56fffe65ed208.jpeg","\N","100"
"1003","\N","612","/uploads/products/56fffe65ee8fb.jpeg","\N","100"
"1004","\N","612","/uploads/products/56fffe65ef9ed.jpeg","\N","100"
"1005","\N","612","/uploads/products/56fffe65f0a71.jpeg","\N","100"
"1006","\N","613","/uploads/products/56fffecfa3656.jpeg","\N","100"
"1007","\N","613","/uploads/products/56fffecfa4cc3.jpeg","\N","100"
"1008","\N","613","/uploads/products/56fffecfa5c62.jpeg","\N","100"
"1009","\N","614","/uploads/products/5713642172903.jpeg","\N","100"
"1010","\N","614","/uploads/products/571364217440b.jpeg","\N","100"
"1011","\N","614","/uploads/products/5713642175818.jpeg","\N","100"
"1012","\N","615","/uploads/products/571364be18835.jpeg","\N","100"
"1013","\N","616","/uploads/products/571364ef266cf.jpeg","\N","100"
"1014","\N","617","/uploads/products/57136626ca39a.jpeg","\N","100"
"1015","\N","617","/uploads/products/57136626cbf51.jpeg","\N","100"
"1016","\N","617","/uploads/products/57136626cd244.jpeg","\N","100"
"1018","\N","618","/uploads/products/5713670e56ab6.jpeg","\N","100"
"1019","\N","619","/uploads/products/571367d133684.jpeg","\N","100"
"1020","\N","619","/uploads/products/571367d135165.jpeg","\N","100"
"1021","\N","620","/uploads/products/5713694a9090e.jpeg","\N","100"
"1022","\N","621","/uploads/products/571387f3312b2.jpeg","\N","100"
"1023","\N","622","/uploads/products/5713883cc2ba2.jpeg","\N","100"
"1024","\N","623","/uploads/products/571388ba52228.jpeg","\N","100"
"1025","\N","624","/uploads/products/5713891e485c4.jpeg","\N","100"
"1026","\N","625","/uploads/products/57138962b94d1.jpeg","\N","100"
"1027","\N","626","/uploads/products/57138988465ce.jpeg","\N","100"
"1028","\N","627","/uploads/products/571389c03b71a.jpeg","\N","100"
"1029","\N","628","/uploads/products/57138a15ab21a.jpeg","\N","100"
"1030","\N","629","/uploads/products/57138a7035ce0.jpeg","\N","100"
"1031","\N","630","/uploads/products/571d0f764ddb5.jpeg","\N","100"
"1032","\N","631","/uploads/products/571d0ff2b8b2c.jpeg","\N","100"
"1034","\N","633","/uploads/products/571d10979abee.jpeg","\N","100"
"1035","\N","634","/uploads/products/571d10d372b21.jpeg","\N","100"
"1036","\N","635","/uploads/products/571d111249c6d.jpeg","\N","100"
"1037","\N","632","/uploads/products/571d114c0864a.jpeg","\N","100"

