"7","1","В нашем интернете - магазине стартует акция на зимюю верхнюю одежду европейского производителя    LEMMI (-25 %)   ","","","2011-11-21 00:00:00","t"
"8","1","В продажу поступает новая коллекция праздничных платьев.","<p><span style=""font-size: 18px;"">Наш ""Братец Кролик"" предлагает Вашему вниманию роскошную коллекцию вечерних платьев для различных торжеств: празднования Нового года, проведения свадеб,&nbsp;дней рождений и крестин.&nbsp;</span></p>","<p><span style=""font-size: 18px;"">Наш ""Братец Кролик"" предлагает Вашему вниманию роскошную коллекцию вечерних платьев для различных торжеств: празднования Нового года, проведения свадеб,&nbsp;дней рождений и крестин.&nbsp;</span></p>","2011-11-25 00:00:00","t"
"9","1","Родителям-если Вы ищите репетиторов, обратитесь к нашим менеджерам по форме обратной связи в ""Контактах"".","<p><span style=""font-size: 14px; font-family: times new roman,times,serif;"">На нашем сайте ""Братец Кролик"" родители смогут не только подобрать интересующую их детскую одежду, но и воспользоваться при желании услугами высококвалифицированного детского психолога, опытных школьных репетиторов по русскому языку и литературе, английскому и испанскому языкам.</span></p>","<p><span style=""font-size: 14px; font-family: times new roman,times,serif;"">На нашем сайте ""Братец Кролик"" родители смогут не только подобрать интересующую их детскую одежду, но и воспользоваться при желании услугами высококвалифицированного детского психолога, опытных школьных репетиторов по русскому языку и литературе, английскому и испанскому языкам.</span></p>","2011-12-08 00:00:00","t"
"10","1","С 12.12.11г. в продажу поступают новые элегантные детские бальные платья.","<p><span style=""font-size: 14px; font-family: times new roman,times,serif;"">С 12.12.11г. в наш интернет-магазин ""Братец Кролик"" поступают новые нарядные детские вечерние и бальные платья. Платья в крупный черный горох с пышной юбкой является абсолютном хитом хитом продаж сезона.Наш новый ассортимент порадует и любителей пышных корсетных платьев. В любом из них Ваша юная принцесса проведет новогодний бал сказачно.</span></p>","<p><span style=""font-size: 14px; font-family: times new roman,times,serif;"">С 12.12.11г. в наш интернет-магазин ""Братец Кролик"" поступают новые нарядные детские вечерние и бальные платья. Платья в крупный черный горох с пышной юбкой является абсолютном хитом хитом продаж сезона.Наш новый ассортимент порадует и любителей пышных корсетных платьев. В любом из них Ваша юная принцесса проведет новогодний бал сказачно.</span></p>","2011-12-08 00:00:00","t"
"11","1","У нас в продаже появились новые модели из джинсовой коллекции Lemmi для мальчиков","<p><span style=""font-size: 14px; font-family: times new roman,times,serif;"">В нашем интернет-магазине появились в продаже новые модели подростковых джинсов для мальчиков. Каждая модель представлена в полнотах: slim,&nbsp; mid, big, super big . Роста 128-176 см.</span></p>\r\n<p><span style=""font-size: 14px; font-family: times new roman,times,serif;"">Все модели неутепленные. Подробнее Вы сможете ознакомится с новинками в разделе Lemmi /джинсовая коллекция/.<br /></span></p>","<p><span style=""font-size: 14px; font-family: times new roman,times,serif;"">В нашем интернет-магазине появились в продаже новые модели подростковых джинсов для мальчиков. Каждая модель представлена в полнотах: slim,&nbsp; mid, big, super big . Роста 128-176 см.</span></p>\r\n<p><span style=""font-size: 14px; font-family: times new roman,times,serif;"">Все модели неутепленные. Подробнее Вы сможете ознакомится с новинками в разделе Lemmi /джинсовая коллекция/.<br /></span></p>","2011-12-23 00:00:00","t"
"12","1","Наш интернет-магазин ""Братец Кролик"" представляет Вам новинки из зимней коллекции верхней детской одежды Lemmi","<p><span style=""font-size: 14px; font-family: times new roman,times,serif;"">""Братец Кролик"" представляет новые модели из зимней коллекции Lemmi сезона 2011.</span></p>\r\n<p><span style=""font-size: 14px; font-family: times new roman,times,serif;"">Лидерами продаж стали двойные зимние куртки с флисовым жакетом и полукомбинезоны со съемными лямками для мальчиков-подростков. Подробнее с описанием моделей можно ознакомится в разделе Lemmi/верхняя зимняя одежда/. Кроме того на нашем сайте уже выложены фотографии новых зимних моделей для девочек с кратким описанием. <br /></span></p>","<p><span style=""font-size: 14px; font-family: times new roman,times,serif;"">""Братец Кролик"" представляет новые модели из зимней коллекции Lemmi сезона 2011.</span></p>\r\n<p><span style=""font-size: 14px; font-family: times new roman,times,serif;"">Лидерами продаж стали двойные зимние куртки с флисовым жакетом и полукомбинезоны со съемными лямками для мальчиков-подростков. Подробнее с описанием моделей можно ознакомится в разделе Lemmi/верхняя зимняя одежда/. Кроме того на нашем сайте уже выложены фотографии новых зимних моделей для девочек с кратким описанием. <br /></span></p>","2011-12-23 00:00:00","t"
"13","1","В начале февраля ""Братец Кролик"" обновит коллекцию ""Этти Детти""","<p><span style=""font-size: 14px; font-family: times new roman,times,serif;"">В начале февраля в нашем интернет-магазине состоится онлайн-презентация новой коллекции детской одежды бренда ""Этти Детти"" сезона весна-лето 2012г. ""Братец Кролик"" как всегда порадует пап и мам яркими необычными комплектами, в которых Ваши дети будут неотразимы. </span></p>","<p><span style=""font-size: 14px; font-family: times new roman,times,serif;"">В начале февраля в нашем интернет-магазине состоится онлайн-презентация новой коллекции детской одежды бренда ""Этти Детти"" сезона весна-лето 2012г. ""Братец Кролик"" как всегда порадует пап и мам яркими необычными комплектами, в которых Ваши дети будут неотразимы. </span></p>","2012-01-17 00:00:00","t"
"14","1","В нашем интернет-магазине в продажу поступила новая коллекция весна-лето 2012 от LEMMI","<p><img style=""float: left; margin: 15px;"" src=""/data/LEMMI/b_01_cr.jpg"" alt=""Коллекция LEMMI весна-лето 2012"" width=""150"" height=""144"" />В нашем интернет-магазине в продажу поступила новая коллекция весна-лето 2012 от LEMMI.</p>\r\n<p>Новинки нашего интернет-магазина Вы можете посмотреть в разделах:</p>\r\n<p><a style=""color: #e36935;"" href=""/ishop/27"">Джинсы, брюки, бриджи - Мальчики</a></p>\r\n<p><a style=""color: #e36935;"" href=""/ishop/28"">Джинсы, брюки, бриджи - Девочки</a></p>\r\n<p><a style=""color: #e36935;"" href=""/spring_boys_lemmi"">Весенняя коллекция для мальчиков 2012</a></p>\r\n<p><a style=""color: #e36935;"" href=""/spring_girls_lemmi"">Весенняя коллекция для девочек 2012</a></p>\r\n<p>Хит новой коллекции - куртки из искусственной кожи для подростков ""во взрослом стиле"".</p>","<p><img style=""float: left; margin: 15px;"" src=""/data/LEMMI/b_01_cr.jpg"" alt=""Коллекция LEMMI весна-лето 2012"" width=""150"" height=""144"" />В нашем интернет-магазине в продажу поступила новая коллекция весна-лето 2012 от LEMMI.</p>\r\n<p>Новинки нашего интернет-магазина Вы можете посмотреть в разделах:</p>\r\n<p><a style=""color: #e36935;"" href=""/ishop/27"">Джинсы, брюки, бриджи - Мальчики</a></p>\r\n<p><a style=""color: #e36935;"" href=""/ishop/28"">Джинсы, брюки, бриджи - Девочки</a></p>\r\n<p><a style=""color: #e36935;"" href=""/spring_boys_lemmi"">Весенняя коллекция для мальчиков 2012</a></p>\r\n<p><a style=""color: #e36935;"" href=""/spring_girls_lemmi"">Весенняя коллекция для девочек 2012</a></p>\r\n<p>Хит новой коллекции - куртки из искусственной кожи для подростков ""во взрослом стиле"".</p>","2012-02-05 00:00:00","t"
"15","1","Видео-презентация новой весенне-летней коллекции бренда ""Этти Детти""","<p>Видео-презентация новой весенне-летней коллекции бренда ""<a href=""/detskaya-odejda-etti-detti""><strong>Этти Детти</strong></a>"".</p>\r\n<p>Интернет-магазин ""<strong>Братец Кролик</strong>"" предлагает своим маленьким ""покупателям"" разнообразие новых ярких моделей с уникальным дизайном от крупнейшего российского бренда ""<a href=""/detskaya-odejda-etti-detti"">Этти&nbsp; Детти</a>"". В ассортименте имеется детская одежда для мальчиков и девочек от нуля до семи лет. Уверены, что эта коллекция никого не оставит равнодушным! Предлагаем Вашему вниманию видео-презентацию ""Этти Дети весна-лето 2012"".</p>\r\n<p>&nbsp;</p>\r\n<p><iframe width=""560"" height=""315"" frameborder=""0"" scrolling=""auto"" src=""http://www.youtube.com/embed/726U10q3EhU""></iframe></p>","<p>Видео-презентация новой весенне-летней коллекции бренда ""<a href=""/detskaya-odejda-etti-detti""><strong>Этти Детти</strong></a>"".</p>\r\n<p>Интернет-магазин ""<strong>Братец Кролик</strong>"" предлагает своим маленьким ""покупателям"" разнообразие новых ярких моделей с уникальным дизайном от крупнейшего российского бренда ""<a href=""/detskaya-odejda-etti-detti"">Этти&nbsp; Детти</a>"". В ассортименте имеется детская одежда для мальчиков и девочек от нуля до семи лет. Уверены, что эта коллекция никого не оставит равнодушным! Предлагаем Вашему вниманию видео-презентацию ""Этти Дети весна-лето 2012"".</p>\r\n<p>&nbsp;</p>\r\n<p><iframe width=""560"" height=""315"" frameborder=""0"" scrolling=""auto"" src=""http://www.youtube.com/embed/726U10q3EhU""></iframe></p>","2012-02-11 00:00:00","t"
"16","1","Ура! Мы открыли свой блог в ЖЖ","<p>Читайте наши новости, обзоры, полезные статьи,&nbsp; а так же узнавайте о проведении занимательных конкурсов для Вашех детишек в блоге <a href=""http://bratetskrolik.livejournal.com/"">http://bratetskrolik.livejournal.com/</a>.</p>\r\n<p>Будем рады прочесть Ваши комментарии, отзывы о плюсах и недостатках нашей работы. Обещаем принять все Ваши мнения по улучшению нашей работы во внимание!</p>\r\n<p>Добавляйте нас в друзья! ;)</p>","<p>Читайте наши новости, обзоры, полезные статьи,&nbsp; а так же узнавайте о проведении занимательных конкурсов для Вашех детишек в блоге <a href=""http://bratetskrolik.livejournal.com/"">http://bratetskrolik.livejournal.com/</a>.</p>\r\n<p>Будем рады прочесть Ваши комментарии, отзывы о плюсах и недостатках нашей работы. Обещаем принять все Ваши мнения по улучшению нашей работы во внимание!</p>\r\n<p>Добавляйте нас в друзья! ;)</p>","2012-03-27 00:00:00","t"
"26","1","ОГРОМНАЯ СЕЗОННАЯ АКЦИЯ!!!","<p>Магазин ""Братец Кролик"" с сотрудничестве с брендами <strong> Crockid</strong>, <strong>Oldos</strong> и <strong>Yoot</strong> объявляет огромное снижение цен на сезонный ассортимент (20% от цены) в период с 25 октября по 3 ноября. В акции участвуют детские комбинезоны (куртка и штаны), пальто, куртки от известных российских производителей <strong>Crockid</strong>, <strong>Oldos</strong>, <strong>Yoot</strong> (производство Санкт-Петербург). Описание одежды: зимняя верхняя одежда с мембранным покрытием, комплекты из водонепроницаемой ткани с шерстяной подстёжкой, зимние аляски и пальто с отделкой из натурального меха. Для детей разных возрастных категорий: от 92 роста до 160. Товар можно преобрести как в нашем интернет-магазине, так и по адресу: Бр. Дмитрия Донского, 5 минут от метро, ТЦ ""Егоза""(рядом с магазином ""Мир детства""), пав. 4. Подробное описание и фото большенства моделей можно посмотреть на сайте. В магазине выбор шире. Уточняйте наличае размеров по телефону.</p>","<p>Магазин ""Братец Кролик"" с сотрудничестве с брендами <strong> Crockid</strong>, <strong>Oldos</strong> и <strong>Yoot</strong> объявляет огромное снижение цен на сезонный ассортимент (20% от цены) в период с 25 октября по 3 ноября. В акции участвуют детские комбинезоны (куртка и штаны), пальто, куртки от известных российских производителей <strong>Crockid</strong>, <strong>Oldos</strong>, <strong>Yoot</strong> (производство Санкт-Петербург). Описание одежды: зимняя верхняя одежда с мембранным покрытием, комплекты из водонепроницаемой ткани с шерстяной подстёжкой, зимние аляски и пальто с отделкой из натурального меха. Для детей разных возрастных категорий: от 92 роста до 160. Товар можно преобрести как в нашем интернет-магазине, так и по адресу: Бр. Дмитрия Донского, 5 минут от метро, ТЦ ""Егоза""(рядом с магазином ""Мир детства""), пав. 4. Подробное описание и фото большенства моделей можно посмотреть на сайте. В магазине выбор шире. Уточняйте наличае размеров по телефону.</p>","2013-10-23 00:00:00","t"
"17","1","Огромная распродажа на коллекцию Этти-Детти","<p>У нас в ""Братце Кролике"" с <strong>23 апреля по 11 мая</strong> стартует акция на одежду&nbsp; бренда<strong> ""Этти Детти""</strong>.&nbsp;<span style=""color: #ff0000;""><strong><span style=""text-decoration: underline;""> Цены снижены на 40%</span></strong></span> на большинство популярнейших моделей. Подробнее с акционными моделями Вы сможете ознакомиться в разделах :&nbsp; <strong>Коллекция весна -лето 2012 Этти Детти мальчики 0-2 года, Этти Детти мальчики 3-7 лет.</strong> На этой неделе в акцию будут включены также некоторые модели для девочек! Торопитесь сделать свои заказы - количество товара на нашем складе<span style=""color: #ff0000;""><strong> сокращается каждый час!!!</strong></span> Уточняйте пожалуйста наличие своих размеров у наших менеджеров по тел: <strong>8-926-9895707.&nbsp;</strong></p>","<p>У нас в ""Братце Кролике"" с <strong>23 апреля по 11 мая</strong> стартует акция на одежду&nbsp; бренда<strong> ""Этти Детти""</strong>.&nbsp;<span style=""color: #ff0000;""><strong><span style=""text-decoration: underline;""> Цены снижены на 40%</span></strong></span> на большинство популярнейших моделей. Подробнее с акционными моделями Вы сможете ознакомиться в разделах :&nbsp; <strong>Коллекция весна -лето 2012 Этти Детти мальчики 0-2 года, Этти Детти мальчики 3-7 лет.</strong> На этой неделе в акцию будут включены также некоторые модели для девочек! Торопитесь сделать свои заказы - количество товара на нашем складе<span style=""color: #ff0000;""><strong> сокращается каждый час!!!</strong></span> Уточняйте пожалуйста наличие своих размеров у наших менеджеров по тел: <strong>8-926-9895707.&nbsp;</strong></p>","2012-04-23 00:00:00","t"
"18","1","Глобальная распродажа наступающего осенне-зимнего сезона LEMMI","<p>Распродаём остатки сезона&nbsp;&nbsp;осень-зима 2011 бренда LEMMI(Лемми) по самым выгодным ценам. В ассортименте предлагаются куртки, аляски, полукомбинезоны, комбинезоны, джинсы из плотной ткани для мальчиков и девочек. Спешите!!! Предложение ограничено и действует до конца августа. Помните, остатки - сладки! Приятных покупок!</p>","<p>Распродаём остатки сезона&nbsp;&nbsp;осень-зима 2011 бренда LEMMI(Лемми) по самым выгодным ценам. В ассортименте предлагаются куртки, аляски, полукомбинезоны, комбинезоны, джинсы из плотной ткани для мальчиков и девочек. Спешите!!! Предложение ограничено и действует до конца августа. Помните, остатки - сладки! Приятных покупок!</p>","2012-07-13 00:00:00","t"
"19","1","Новая зимняя коллекция LEMMI(Лемми)","<p>Рады сообщить Вам о скором поступлении новой коллекции <strong><a href=""/kurtki-dlya-malchikov"">зимних курток и комбинезонов</a></strong> известного европейского бренда <strong><a href=""/detskaya-odejda-lemmi"">Lemmi(Лемми)</a>!</strong> Оно состоится в августе. В этом году производитель изпользует шрокую цветовую палитру, различные принты, что безусловно делает<strong> детские куртки и комбинезоны</strong> более стильными и яркими. Цены на зимнюю <strong>одежду для детей</strong> будут коллебаться от 5200-6500 рублей.</p>","<p>Рады сообщить Вам о скором поступлении новой коллекции <strong><a href=""/kurtki-dlya-malchikov"">зимних курток и комбинезонов</a></strong> известного европейского бренда <strong><a href=""/detskaya-odejda-lemmi"">Lemmi(Лемми)</a>!</strong> Оно состоится в августе. В этом году производитель изпользует шрокую цветовую палитру, различные принты, что безусловно делает<strong> детские куртки и комбинезоны</strong> более стильными и яркими. Цены на зимнюю <strong>одежду для детей</strong> будут коллебаться от 5200-6500 рублей.</p>","2012-07-21 00:00:00","t"
"20","1","Информация по товарным остаткам Лего/Lego","<p>Из-за огромного количества заказов на прошлой неделе товарные остатки по бренду Лего подходят к концу. О наличие интересующего Вас товара Вы сможете подробнее узнать у менеджера нашего интернет магазина по телефону 8 (926) 989-57-07. Новая коллекция Лего ожидается в начале августа. Информация, а также новые медиаматериалы тут же будут размещены на нашем сайте. С уважением, Ваш ""Братец Кролик"".</p>","<p>Из-за огромного количества заказов на прошлой неделе товарные остатки по бренду Лего подходят к концу. О наличие интересующего Вас товара Вы сможете подробнее узнать у менеджера нашего интернет магазина по телефону 8 (926) 989-57-07. Новая коллекция Лего ожидается в начале августа. Информация, а также новые медиаматериалы тут же будут размещены на нашем сайте. С уважением, Ваш ""Братец Кролик"".</p>","2012-07-22 00:00:00","t"
"21","1","Поступление школьной коллекции","<p>В разделе ""Школьная форма"" для мальчиков мы добавили новые модели классических костюмов и брюк. Все модели превосходного качества, выполнены по современным полноразмерным лекалам, идеально садятся по фигуре. Можно подобрать как по размеру и по полноте, так и по росту ребенка. Цены весьмы приемлемы: от 2900 до 3800 рублей за костюм. В этом сезоне была добавлена продукция известной российской фирмы Роял Спирит, она уже давно отлично зарекомендовала себя на рынке производства мужских и школьных костюмов.</p>\r\n<p>Помимо этого мы предлагаем Вам костюмы российского производителя ""Елена и К"", которые традиционно присутствуют в нашем ассортименте. Лекала школьных костюмов этой фирмы были доработаны, так что теперь они садятся безупречно. Использована дорогая импортная ткань, что полностью преобразило внешний вид пиджаков и брюк.&nbsp;</p>\r\n<p>Цветовая гамма костюмов разнообразная: от черного в рубчик до светло-серого.</p>\r\n<p>Подробную информацию о наших костюмах Вы сможете найти в разделе ""Школьная форма"" для мальчиков.</p>\r\n<p>Школьная коллекция для девочек также будет размещена в нашем интернет магазине ""Братец Кролик"" чуть позже в начале августа.</p>","<p>В разделе ""Школьная форма"" для мальчиков мы добавили новые модели классических костюмов и брюк. Все модели превосходного качества, выполнены по современным полноразмерным лекалам, идеально садятся по фигуре. Можно подобрать как по размеру и по полноте, так и по росту ребенка. Цены весьмы приемлемы: от 2900 до 3800 рублей за костюм. В этом сезоне была добавлена продукция известной российской фирмы Роял Спирит, она уже давно отлично зарекомендовала себя на рынке производства мужских и школьных костюмов.</p>\r\n<p>Помимо этого мы предлагаем Вам костюмы российского производителя ""Елена и К"", которые традиционно присутствуют в нашем ассортименте. Лекала школьных костюмов этой фирмы были доработаны, так что теперь они садятся безупречно. Использована дорогая импортная ткань, что полностью преобразило внешний вид пиджаков и брюк.&nbsp;</p>\r\n<p>Цветовая гамма костюмов разнообразная: от черного в рубчик до светло-серого.</p>\r\n<p>Подробную информацию о наших костюмах Вы сможете найти в разделе ""Школьная форма"" для мальчиков.</p>\r\n<p>Школьная коллекция для девочек также будет размещена в нашем интернет магазине ""Братец Кролик"" чуть позже в начале августа.</p>","2012-07-30 00:00:00","t"
"22","1","Новинка нашего интернет-магазина - детский бренд Crockid","<p>С октября 2012 года мы предлагаем Вашему вниманию симпатичную детскую одежду одного из крупнейших российских производителей <strong>Crockid</strong>. Из изделий <strong>Crockid</strong> можно составить целый ассортимент для Вашего ребёнка. Это прежде всего яркие вещи с весёлым дизайном, отличного качества по доступной цене. Просто мечта для каждого родителя. Уникальной особенностью бренда является плодотворное сотрудничество четырёх крупных фабрик: в Кемерово, Санкт-Петербурге, Узбекистане и КНР(только верхняя одежда). Все изделия проходят строжайший технологический отбор, все товары сертифицированы. Возрастная группа от 80-ти до 146-ти см. Следите за нашими обновлениями.</p>\r\n<p>Ваш ""Братец Кролик!</p>","<p>С октября 2012 года мы предлагаем Вашему вниманию симпатичную детскую одежду одного из крупнейших российских производителей <strong>Crockid</strong>. Из изделий <strong>Crockid</strong> можно составить целый ассортимент для Вашего ребёнка. Это прежде всего яркие вещи с весёлым дизайном, отличного качества по доступной цене. Просто мечта для каждого родителя. Уникальной особенностью бренда является плодотворное сотрудничество четырёх крупных фабрик: в Кемерово, Санкт-Петербурге, Узбекистане и КНР(только верхняя одежда). Все изделия проходят строжайший технологический отбор, все товары сертифицированы. Возрастная группа от 80-ти до 146-ти см. Следите за нашими обновлениями.</p>\r\n<p>Ваш ""Братец Кролик!</p>","2012-10-10 00:00:00","t"
"23","1","Школьная форма 2013","<p>В интернет-магазин bratetskrolik.ru поступила в продажу школьная форма для девочек известного российского бренда Sabotage. В ассортименте представлены нарядные и повседневные модели блузок, трикотаж, юбки, жилеты и сарафаны. Также имеются модели польских производителей в различной цветовой гамме: чёрной, тёмно-синей, серой.</p>\r\n<p>Новинка этого сезона - школьная форма для мальчиков бренда <strong>Van Cliff</strong>. Все костюмы произведены из высококачественной итальянской ткани. В продажи имеются самые популярные цвета: синий, серый и чёрный. Костюмы рассчитаны на разные полноты и роста. Подробная информация и фото скоро на сайте.</p>","<p>В интернет-магазин bratetskrolik.ru поступила в продажу школьная форма для девочек известного российского бренда Sabotage. В ассортименте представлены нарядные и повседневные модели блузок, трикотаж, юбки, жилеты и сарафаны. Также имеются модели польских производителей в различной цветовой гамме: чёрной, тёмно-синей, серой.</p>\r\n<p>Новинка этого сезона - школьная форма для мальчиков бренда <strong>Van Cliff</strong>. Все костюмы произведены из высококачественной итальянской ткани. В продажи имеются самые популярные цвета: синий, серый и чёрный. Костюмы рассчитаны на разные полноты и роста. Подробная информация и фото скоро на сайте.</p>","2013-07-30 00:00:00","t"
"24","1","Распродажа школьного ассортимента у нас в магазине!","<p>Уважаемые клиенты! ""Братец Кролик"" от всей души поздравляет Ваших детишек с началом нового школьного сезона! Мы дарим Вам ассортимент качественной школьной одежды для мальчиков и девочек по сниженным ценам. Приглашаем всех на акцию ""Оденься к школе выгодно"" в наш розничный магазин. Специальные цены на весь ассортимент можно узнать по телефону 8 (926) 989-57-07 у наших менеджеров. Чтобы получить выгодную скидку у нашего продовца, Вам необходимо назвать пароль ""Братец кролик""!</p>","<p>Уважаемые клиенты! ""Братец Кролик"" от всей души поздравляет Ваших детишек с началом нового школьного сезона! Мы дарим Вам ассортимент качественной школьной одежды для мальчиков и девочек по сниженным ценам. Приглашаем всех на акцию ""Оденься к школе выгодно"" в наш розничный магазин. Специальные цены на весь ассортимент можно узнать по телефону 8 (926) 989-57-07 у наших менеджеров. Чтобы получить выгодную скидку у нашего продовца, Вам необходимо назвать пароль ""Братец кролик""!</p>","2013-08-26 00:00:00","t"
"25","1","Наш магазин ""Братец Кролик"" начал плодотворное сотрудничество с российским брендом ""Олдос""","<p>С октября 2013 года &nbsp;магазин ""Братец Кролик"" подписал договор о сотрудничестве с одним из лидеров на российском рынке по производству верхней детской одежды - компании ""Олдос"". Компания ""Олдос"" давно зарекомендовала себя как надёжного производителя практичных и ярких моделей детских курток и комбинезонов. Вся продукция этого бренда выпускается из высококачественного сырья с использованием всех передовых технологий производства. ""Олдос"" - наша отечественная компания, находится в городе Санкт-Петербург и работает на рынке детской одежды с 2003 года.</p>\r\n<p>С каждым годом увеличивается объём продаж верхней детской одежды под торговой маркой ""Олдос"" и с каждым годом коллекции становятся всё более разнообразными, современными и интересными!</p>\r\n<p>Обязательно посмотрите ролик о компании. Материал предоставлен ООО ""Олдос"".</p>\r\n<p><iframe width=""640"" height=""480"" frameborder=""0"" src=""http://www.youtube.com/embed/L_R_NX4-Y7E""></iframe></p>","<p>С октября 2013 года &nbsp;магазин ""Братец Кролик"" подписал договор о сотрудничестве с одним из лидеров на российском рынке по производству верхней детской одежды - компании ""Олдос"". Компания ""Олдос"" давно зарекомендовала себя как надёжного производителя практичных и ярких моделей детских курток и комбинезонов. Вся продукция этого бренда выпускается из высококачественного сырья с использованием всех передовых технологий производства. ""Олдос"" - наша отечественная компания, находится в городе Санкт-Петербург и работает на рынке детской одежды с 2003 года.</p>\r\n<p>С каждым годом увеличивается объём продаж верхней детской одежды под торговой маркой ""Олдос"" и с каждым годом коллекции становятся всё более разнообразными, современными и интересными!</p>\r\n<p>Обязательно посмотрите ролик о компании. Материал предоставлен ООО ""Олдос"".</p>\r\n<p><iframe width=""640"" height=""480"" frameborder=""0"" src=""http://www.youtube.com/embed/L_R_NX4-Y7E""></iframe></p>","2013-10-16 00:00:00","t"
"27","1","Акция - Новогодний подарок!","<p>Уважаемые покупатели! Спешите воспользоваться новым выгодным предложением к рождественским праздникам: в период с 02.12.13 по 15.12.13 любое <strong>праздничное платье</strong> для девочки со скидкой 10%.</p>","<p>Уважаемые покупатели! Спешите воспользоваться новым выгодным предложением к рождественским праздникам: в период с 02.12.13 по 15.12.13 любое <strong>праздничное платье</strong> для девочки со скидкой 10%.</p>","2013-12-01 00:00:00","t"
"28","1","Лего - новинки 2014","<p>На следующей неделе интернет-магазин ""Братец Кролик"" предложет своим клиентам ознакомиться и приобрести, при желании, самые интересные новинки разных коллекций <strong>Лего 2014</strong> года. Новые игрушки Лего, в частноси, будут представленны в сериях: Фабрика героев(Hiro Factory), Lego frends, Легенда Чимо, а так же Star Wars. Подробное описание Вы сможете посмотреть в соответствующем разделе.</p>","<p>На следующей неделе интернет-магазин ""Братец Кролик"" предложет своим клиентам ознакомиться и приобрести, при желании, самые интересные новинки разных коллекций <strong>Лего 2014</strong> года. Новые игрушки Лего, в частноси, будут представленны в сериях: Фабрика героев(Hiro Factory), Lego frends, Легенда Чимо, а так же Star Wars. Подробное описание Вы сможете посмотреть в соответствующем разделе.</p>","2013-12-18 00:00:00","t"
"29","1","Ура! Весенняя коллекция ""Oldes"" уже в продаже","<p>Вновь наших дорогих клиентов радует известный производитель детской верхней одежды - бренд ""Oldos""! Новая коллекция уже поступила в наш фирменный магазин и на наш склад. В ассортименте яркая многофункциональная верхняя одежда как для активного отдыха (с мембраной), так и комфортная стильная коллекция курток и ветровок для детей с высокими влагоотталкивающими свойствами.</p>\r\n<p>Мы уверены, все модели придутся Вам по вкусу!</p>\r\n<p>""Oldos"" - современный дизайнерский подход с учётом новейших разработок в производстве верхней детской одежды. Используется как собственный многолетний опыт, так и зарубежные технологии.</p>\r\n<p>""Братец Кролик"" рекомендует! ;-)</p>","<p>Вновь наших дорогих клиентов радует известный производитель детской верхней одежды - бренд ""Oldos""! Новая коллекция уже поступила в наш фирменный магазин и на наш склад. В ассортименте яркая многофункциональная верхняя одежда как для активного отдыха (с мембраной), так и комфортная стильная коллекция курток и ветровок для детей с высокими влагоотталкивающими свойствами.</p>\r\n<p>Мы уверены, все модели придутся Вам по вкусу!</p>\r\n<p>""Oldos"" - современный дизайнерский подход с учётом новейших разработок в производстве верхней детской одежды. Используется как собственный многолетний опыт, так и зарубежные технологии.</p>\r\n<p>""Братец Кролик"" рекомендует! ;-)</p>","2014-03-09 00:00:00","t"
"30","1","У нас в продаже Автокресла!!","<p>В нашем <strong>детском интернет-магазине</strong> ""Братец Кролик"" появились в продаже самые популярные, комфортные и качественные модели известных европейских производителей <strong>детских автокресел Concord</strong> и <strong>Sparco. </strong>Качество товара гарантированно маркой производителя. Все модели прошли строжайшую сертефикацию на безопастность. Модели очень разнообразны по функциям и расчитаны на различные возростные группы детей. Подробнее в нашем новом разделе - Автокресла!</p>","<p>В нашем <strong>детском интернет-магазине</strong> ""Братец Кролик"" появились в продаже самые популярные, комфортные и качественные модели известных европейских производителей <strong>детских автокресел Concord</strong> и <strong>Sparco. </strong>Качество товара гарантированно маркой производителя. Все модели прошли строжайшую сертефикацию на безопастность. Модели очень разнообразны по функциям и расчитаны на различные возростные группы детей. Подробнее в нашем новом разделе - Автокресла!</p>","2014-05-06 00:00:00","t"
"31","1","Снова в школу!!!","<p>Уважаемые покупатели!</p>\r\n<p>В нашем интернет магазине детских товаров ""Братец кролик"" начинается серьёздная подготовка к новому школьному сезону! С 24 июня 2014 года в продажу поступят новые модели<strong> классических брюк для мальчиков</strong> замечательного бренда Van Cliff - одного из лучшех производителей <strong>школьной формы</strong> на российском рынке!</p>\r\n<p>В этом сезоне&nbsp;&nbsp;<strong>""Братец кролик"" </strong>порадует своих юных покупателей классическими сорочками из хлопка, нарядными блузками и трикотажными кофточками с длинный и коротким рукавами.</p>\r\n<p>В нашем ассортименте, как всегда, будут представленны сарафаны, юбки, трикотажные жилетки для мальчиков и девочек и, разумеется, чудесные классические костюмы Van Cliff в разных цветах и для разных классов!</p>\r\n<p>Приятных Вам покупок!</p>\r\n<p>Елена.</p>","<p>Уважаемые покупатели!</p>\r\n<p>В нашем интернет магазине детских товаров ""Братец кролик"" начинается серьёздная подготовка к новому школьному сезону! С 24 июня 2014 года в продажу поступят новые модели<strong> классических брюк для мальчиков</strong> замечательного бренда Van Cliff - одного из лучшех производителей <strong>школьной формы</strong> на российском рынке!</p>\r\n<p>В этом сезоне&nbsp;&nbsp;<strong>""Братец кролик"" </strong>порадует своих юных покупателей классическими сорочками из хлопка, нарядными блузками и трикотажными кофточками с длинный и коротким рукавами.</p>\r\n<p>В нашем ассортименте, как всегда, будут представленны сарафаны, юбки, трикотажные жилетки для мальчиков и девочек и, разумеется, чудесные классические костюмы Van Cliff в разных цветах и для разных классов!</p>\r\n<p>Приятных Вам покупок!</p>\r\n<p>Елена.</p>","2014-06-22 00:00:00","t"
"32","1","""Братец Кролик"" примет участие в выставке ""Школьная ярмарка от А до Я""","<p>Рады сообщить Вам, что в этом году наш <strong>интернет-магазин ""Братец Кролик</strong>"" примит участие в ежегодной выставке ""Школьная ярморка от А до Я"", которая пройдёт с&nbsp;<strong>24 - 30 августа 2014 года</strong>&nbsp;на ВВЦ, павильон № 75. &nbsp;ПРиглашаем всех, и детей и родителей - будет очень интересно! На выставке будут представленны современные обучающие средства, обучающие программы, увлекательные, интерактивные игры. Так же родители смогут ознакомиться и приобрести все необходимые для школы вещи: от учебника и рюкзака до сарофанчика и костюма. Также будет представлена школьная обувь, художественная литература.</p>\r\n<p>Выставка очень популярна среди посетителей. Организаторы выставки: Правителство Москвы.</p>\r\n<p><a href=""http://www.expo-kids.ru/"">http://www.expo-kids.ru/</a></p>","<p>Рады сообщить Вам, что в этом году наш <strong>интернет-магазин ""Братец Кролик</strong>"" примит участие в ежегодной выставке ""Школьная ярморка от А до Я"", которая пройдёт с&nbsp;<strong>24 - 30 августа 2014 года</strong>&nbsp;на ВВЦ, павильон № 75. &nbsp;ПРиглашаем всех, и детей и родителей - будет очень интересно! На выставке будут представленны современные обучающие средства, обучающие программы, увлекательные, интерактивные игры. Так же родители смогут ознакомиться и приобрести все необходимые для школы вещи: от учебника и рюкзака до сарофанчика и костюма. Также будет представлена школьная обувь, художественная литература.</p>\r\n<p>Выставка очень популярна среди посетителей. Организаторы выставки: Правителство Москвы.</p>\r\n<p><a href=""http://www.expo-kids.ru/"">http://www.expo-kids.ru/</a></p>","2014-08-02 00:00:00","t"
"33","1","Школьные брюки Van Cliff - новое поступление.","<p>Уважаемые родители!</p>\r\n<p>В наш магазин ""Братец Кролик"" поступили новые модели <strong><a title=""Школьные брюки и костюмы для мальчиков"" href=""/ishop/67"">школьных брюк для мальчиков</a> с большой полнотой</strong>: в сером, чёрном и синем цветах. Дополнительно были заказаны и поступили в продажу<strong> чёрные и тёмно-синие школьные брюки</strong> <strong>Van Cliff</strong> для мальчиков на роста 122-170.&nbsp;</p>\r\n<p>Новинка - <strong><a title=""Костюм двойка для мальчика"" href=""/ishop/product/1215"">костюм-двойка для мальчика</a></strong>: классические брюки + жилет чёрного цвета.</p>","<p>Уважаемые родители!</p>\r\n<p>В наш магазин ""Братец Кролик"" поступили новые модели <strong><a title=""Школьные брюки и костюмы для мальчиков"" href=""/ishop/67"">школьных брюк для мальчиков</a> с большой полнотой</strong>: в сером, чёрном и синем цветах. Дополнительно были заказаны и поступили в продажу<strong> чёрные и тёмно-синие школьные брюки</strong> <strong>Van Cliff</strong> для мальчиков на роста 122-170.&nbsp;</p>\r\n<p>Новинка - <strong><a title=""Костюм двойка для мальчика"" href=""/ishop/product/1215"">костюм-двойка для мальчика</a></strong>: классические брюки + жилет чёрного цвета.</p>","2014-08-09 00:00:00","t"
"34","1","Ожидается дополнение к школьной коллекции Van Cliff","<p>Уважаемые покупатели!</p>\r\n<p>Мы рады огромному интересу проявленному Вами к<strong> <a title=""Школьные костюмы Van Cliff"" href=""/ishop/67"">школьной коллекции Van Cliff</a></strong>, специально для тех, кто ещё планирует одеть своего ребенка к <strong>новому школьному году</strong> - мы дозаказали самые популярные модели этого бренда!</p>\r\n<p>Среди хитов:<a title=""Сорочки для мальчиков"" href=""/ishop/product/1172""> сорочки из 100% хлопка</a>, <a title=""Школьные брюки для мальчика"" href=""/ishop/product/1212"">брюки </a>синего и чёрного цветов, <a title=""Школьный костюм для мальчика"" href=""/ishop/product/1200"">школьные костюмы</a> синего и серого цвета.</p>","<p>Уважаемые покупатели!</p>\r\n<p>Мы рады огромному интересу проявленному Вами к<strong> <a title=""Школьные костюмы Van Cliff"" href=""/ishop/67"">школьной коллекции Van Cliff</a></strong>, специально для тех, кто ещё планирует одеть своего ребенка к <strong>новому школьному году</strong> - мы дозаказали самые популярные модели этого бренда!</p>\r\n<p>Среди хитов:<a title=""Сорочки для мальчиков"" href=""/ishop/product/1172""> сорочки из 100% хлопка</a>, <a title=""Школьные брюки для мальчика"" href=""/ishop/product/1212"">брюки </a>синего и чёрного цветов, <a title=""Школьный костюм для мальчика"" href=""/ishop/product/1200"">школьные костюмы</a> синего и серого цвета.</p>","2014-08-14 00:00:00","t"
"35","1","Выставка  ""Школьная ярмарка от А до Я""","<p>Напоминаем нашим уважаемым родителям о проведении выставки-ярмарки Современный ребёнок&nbsp;""Школьная ярмарка от А до Я"" в период с 24 августа по 30 августа 2014 года. Наш интернет-магазин также принимает участие, ждём Вас на ВВЦ, павильон № 75, наш стенд Д34.</p>\r\n<p>В нашем ассортименте<a title=""школьные костюмы, брюки, сорочки"" href=""/ishop/67""> <strong>школьные&nbsp;костюмы</strong>, <strong>брюки</strong>, <strong>сорочки</strong></a> компании<a title=""костюмы, брюки и сорочки Van Cliff"" href=""/ishop/67""> <strong>Van Cliff</strong></a>, замечательные<strong><a title=""школьные сарафаны и блузки"" href=""/ishop/66""> школьные сарафаны и блузки</a></strong> от фабрик<a title=""Школьная форма Смена"" href=""/ishop/66""> ""<strong>Смена</strong>""</a>,<a title=""Школьная форма Карамелли"" href=""/ishop/66""> ""<strong>Карамелли</strong>""</a>. Так же мы представляем отличный школьный ассортимент известного российского бренда Sabotage.</p>\r\n<p>Ждем Вас на стенде Д34!</p>\r\n<p><img src=""http://www.kosmoskva.ru/kos/image?objectId=6845"" alt=""школьная выставка от А до Я"" width=""640"" height=""427"" /></p>","<p>Напоминаем нашим уважаемым родителям о проведении выставки-ярмарки Современный ребёнок&nbsp;""Школьная ярмарка от А до Я"" в период с 24 августа по 30 августа 2014 года. Наш интернет-магазин также принимает участие, ждём Вас на ВВЦ, павильон № 75, наш стенд Д34.</p>\r\n<p>В нашем ассортименте<a title=""школьные костюмы, брюки, сорочки"" href=""/ishop/67""> <strong>школьные&nbsp;костюмы</strong>, <strong>брюки</strong>, <strong>сорочки</strong></a> компании<a title=""костюмы, брюки и сорочки Van Cliff"" href=""/ishop/67""> <strong>Van Cliff</strong></a>, замечательные<strong><a title=""школьные сарафаны и блузки"" href=""/ishop/66""> школьные сарафаны и блузки</a></strong> от фабрик<a title=""Школьная форма Смена"" href=""/ishop/66""> ""<strong>Смена</strong>""</a>,<a title=""Школьная форма Карамелли"" href=""/ishop/66""> ""<strong>Карамелли</strong>""</a>. Так же мы представляем отличный школьный ассортимент известного российского бренда Sabotage.</p>\r\n<p>Ждем Вас на стенде Д34!</p>\r\n<p><img src=""http://www.kosmoskva.ru/kos/image?objectId=6845"" alt=""школьная выставка от А до Я"" width=""640"" height=""427"" /></p>","2014-08-17 00:00:00","t"
"36","1","Поздравляем с началом учебного года!","<p>""Братец Кролик"" поздравляет своих юных клиентов с началом нового учебного года! Для тех, кто ещё не приобрёл школьный костюмчик, либо лишнюю пару новых брюк от замечательного российского бренда Van Cliff - только в нашем магазине чудесные цены на <strong><a title=""школьные костюмы и брюки"" href=""/ishop/67"">школьные костюмы и брюки</a>!</strong>&nbsp;Все школьные костюмы - 2800, все школьные брюки - 1200 рублей.</p>\r\n<p>Желаем Вашим детям только отличного настроения, только отличных оценок, здоровья и успехов в учёбе!</p>\r\n<p>Ваш &nbsp;""Братец Кролик""!</p>","<p>""Братец Кролик"" поздравляет своих юных клиентов с началом нового учебного года! Для тех, кто ещё не приобрёл школьный костюмчик, либо лишнюю пару новых брюк от замечательного российского бренда Van Cliff - только в нашем магазине чудесные цены на <strong><a title=""школьные костюмы и брюки"" href=""/ishop/67"">школьные костюмы и брюки</a>!</strong>&nbsp;Все школьные костюмы - 2800, все школьные брюки - 1200 рублей.</p>\r\n<p>Желаем Вашим детям только отличного настроения, только отличных оценок, здоровья и успехов в учёбе!</p>\r\n<p>Ваш &nbsp;""Братец Кролик""!</p>","2014-08-30 00:00:00","t"
"37","1","Наш и Ваш ""Братец Кролик"" обновился!","<p>Интернет-магазин ""Братец Кролик"" претерпел ряд существенных изменений, как внешних, так и внутренних - и это только начало! Мы работаем над тем, чтобы Вы моли проще найти, то, что Вас интересует.</p>","<p>Дорогие друзья!</p>\r\n<p>Наш и Ваш ""Братец Кролик"" обновился! </p>\r\n<p>Интернет-магазин ""Братец Кролик"" претерпел ряд существенных изменений, как внешних, так и внутренних - и это только начало! Мы работаем над тем, чтобы Вы моли проще найти, то, что Вас интересует.</p>","2015-01-20 12:41:00","t"
"1","1","Распродажа брендовых праздничных платьев для  девочек","<p>В интернет-магазине детской одежды ""Братец Кролик"" стартует акция ""<strong>Распродажа брендовых праздничных платьев для&nbsp; девочек</strong>"". Срок действия акции с 23 марта по 23 апреля 2015 г. Акция распространяется на праздничные платья для девочек брендов Sabotage, Карамелли, Polin, Елена и Ко.</p>","<p>Дорогие покупатели!</p>
<p>В интернет-магазине детской одежды ""Братец Кролик"" стартует акция ""<a title=""Распродажа брендовых праздничных платьев для  девочек"" href=""../../../category/sale"">Распродажа брендовых праздничных платьев для девочек</a>"". Срок действия акции с 23 марта по 23 апреля 2015 г. Акция распространяется на праздничные платья для девочек брендов Sabotage, Карамелли, Polin, Елена и Ко. На эти товары цены снижены до 20%. ""Братец Кролик"" объевляет распродажу как на подростковые модели, так и на детские модели.&nbsp;</p>
<p>Количество платьев ограничено, успейте заказать!</p>
<p>С уважением, ""Братец Кролик""!</p>","2015-03-22 21:26:00","t"
"38","1","Распродажа брендовых праздничных платьев для  девочек","<p>В интернет-магазине детской одежды ""Братец Кролик"" стартует акция ""<strong>Распродажа брендовых праздничных платьев для&nbsp; девочек</strong>"". Срок действия акции с 23 марта по 23 апреля 2015 г. Акция распространяется на праздничные платья для девочек брендов Sabotage, Карамелли, Polin, Елена и Ко.</p>","<p>Дорогие покупатели!</p>
<p>В интернет-магазине детской одежды ""Братец Кролик"" стартует акция ""<a title=""Распродажа брендовых праздничных платьев для  девочек"" href=""../../../category/sale"">Распродажа брендовых праздничных платьев для девочек</a>"". Срок действия акции с 23 марта по 23 апреля 2015 г. Акция распространяется на праздничные платья для девочек брендов Sabotage, Карамелли, Polin, Елена и Ко. На эти товары цены снижены до 20%. ""Братец Кролик"" объевляет распродажу как на подростковые модели, так и на детские модели.&nbsp;</p>
<p>Количество платьев ограничено, успейте заказать!</p>
<p>С уважением, ""Братец Кролик""!</p>","2015-03-22 19:40:20","t"
"40","1","Новая школьная коллекция для мальчиков!","<p><strong>Магазин детской одежды</strong> ""Братец Кролик"" получил новую школьную коллекцию для мальчиков от известного российского бренда ""<strong>Трувор</strong>"". В наших магазинах Вы сможете <strong>недорого купить</strong> <strong>школьные брюки</strong> и <strong>классические школьные костюмы</strong> чёрного, тёмно-синего и серого цветов. Вся продукция ""Трувор"" - замечательного качества. Школьная коллекция пользуется огромным спросом и уже успела ""завоевать сердца"" многих мам.</p>","<p>Уважаемые родители!</p>
<p><strong>Магазин детской одежды</strong> ""Братец Кролик"" получил новую школьную коллекцию для мальчиков от известного российского бренда ""<a title=""Школьнаяф форма Трувор"" href=""../../vendor/truvor""><strong>Трувор</strong></a>"". В наших магазинах Вы сможете <strong>недорого купить</strong> <strong>школьные брюки</strong> и <strong>классические школьные костюмы</strong> чёрного, тёмно-синего и серого цветов. Вся продукция ""Трувор"" - замечательного качества. Школьная коллекция пользуется огромным спросом и уже успела ""завоевать сердца"" многих мам :).</p>
<p>Кроме этого, ""Братец Кролик"" традиционно представляет новую коллекцию одного из ведущих производителей на рынке <strong>школьной формы</strong> - бренда<a title=""Школьная форма Van Cliff"" href=""../../vendor/vancliff""> <strong>Van Cliff</strong> (<strong>Ван Клиф</strong>)</a>. В этом сезоне мы предлагаем Вам новые модели школьных брюк для мальчиков, замечательные школьные сорочки из хлопка. Также у нас есть в продаже <strong>школьные костюмы Van Cliff</strong> синего и серого цвета по доступным ценам.</p>","2015-08-15 08:28:00","t"
